대분류,중분류,부위,취혈,침구법,url
수소음심경 (HT),HT1 극천,"겨드랑, 겨드랑 중심(centre of the axillary fossa), 겨드랑동맥(axillary artery)이 뛰는 곳.","팔꿈치를 구부리고 팔을 들어 손바닥을 머리 뒤쪽에 두고, 겨드랑동맥이 뛰는 부위를 취혈한다.","- 直刺 0.2～0.5寸 (上向하여 겨드랑이로 향해)
- 혈관, 신경을 찌르지 않도록 주의한다.",https://www.kmcric.com/database/acupoint/HT/HT1
수소음심경 (HT),HT2 청령,"위팔 안쪽면, 위팔두갈래근(biceps brachii muscle)의 안쪽모서리 바로 안쪽, 팔오금주름(cubital crease)에서 위쪽으로 3寸.","팔꿈치를 굽히고 위팔을 외전했을 때, 極泉(HT1)과 少海(HT3)를 연결하는 선에서 위쪽으로부터 2/3, 아래쪽으로부터 1/3이 되는 지점에서 취혈한다.","- 直刺 0.3～0.5寸 (臂內側에서 外側으로)
- 斜刺 0.5～1寸",https://www.kmcric.com/database/acupoint/HT/HT2
수소음심경 (HT),HT3 소해,"팔꿈치 앞안쪽면, 위팔뼈 안쪽위관절융기(medial epicondyle of the humerus) 바로 앞쪽, 팔오금주름(cubital crease)과 같은 높이.","팔꿈치를 굽혔을 때, 팔오금주름 안쪽끝과 위팔뼈 안쪽위관절융기를 연결하는 선의 중점에서 취혈한다.","- 直刺 0.3～0.8寸
- 斜刺 0.5～1寸",https://www.kmcric.com/database/acupoint/HT/HT3
수소음심경 (HT),HT6 음극,"아래팔 앞안쪽면, 자쪽손목굽힘근힘줄(flexor carpi ulnaris tendon)의 노쪽, 손바닥 쪽 손목주름(palmar wrist crease)에서 몸 쪽으로 0.5寸.","콩알뼈(pisiform bone) 몸 쪽 모서리 노쪽에서 몸 쪽으로 0.5寸, 즉 神門(HT7)에서 몸 쪽으로 0.5寸에서 취혈한다. 자뼈머리(head of the ulna)의 먼 쪽 모서리와 같은 높이에 위치한다.","- 直刺 0.3～0.5寸
- 斜刺 0.5～1寸",https://www.kmcric.com/database/acupoint/HT/HT6
수소음심경 (HT),HT6 음극,"아래팔 앞안쪽면, 자쪽손목굽힘근힘줄(flexor carpi ulnaris tendon)의 노쪽, 손바닥 쪽 손목주름(palmar wrist crease)에서 몸 쪽으로 0.5寸.","콩알뼈(pisiform bone) 몸 쪽 모서리 노쪽에서 몸 쪽으로 0.5寸, 즉 神門(HT7)에서 몸 쪽으로 0.5寸에서 취혈한다. 자뼈머리(head of the ulna)의 먼 쪽 모서리와 같은 높이에 위치한다.","- 直刺 0.3～0.5寸
- 斜刺 0.5～1寸",https://www.kmcric.com/database/acupoint/HT/HT6
수궐음심포경 (PC),PC1 천지,"앞가슴부위, 넷째 갈비사이공간(the 4th intercostal space)으로, 앞정중선 (anterior median line)에서 가쪽으로 5寸.",남성은 유두 가쪽 1寸 부위에서 취혈한다.,"- 直刺 0.2～0.3寸 (不宜深刺)
- 斜刺 0.3～0.5寸 (外傍으로 향해 斜刺)",https://www.kmcric.com/database/acupoint/PC/PC1
수궐음심포경 (PC),PC3 곡택,"팔꿈치 앞쪽면, 팔오금주름(cubital crease) 위, 위팔두갈래근힘줄(biceps brachii tendon)의 안쪽 오목한 곳.","손바닥이 위쪽을 향하게 하고 팔꿈치를 45°로 굽힌 자세에서, 팔오금주름 위, 위팔두갈래근힘줄의 안쪽에서 취혈한다.","- 直刺 0.5～1寸(不宜深刺)
- 斜刺 0.5～1寸
- 三稜鍼으로 點刺出血 (특히 中暑, 霍亂 등의 急性胃腸病 치료시)",https://www.kmcric.com/database/acupoint/PC/PC3
수궐음심포경 (PC),PC4 극문,"아래팔 앞쪽면, 긴손바닥근힘줄(palmaris longus tendon)과 노쪽손목굽힘근힘줄(flexor carpi radialis tendon)의 사이, 손바닥 쪽 손목주름(palmar wrist crease) 에서 몸 쪽으로 5寸.","주먹을 가볍게 움켜쥐고 손바닥이 위쪽을 향하도록 손목을 돌린채 팔꿈치를 약간 굽히면, 긴손바닥근힘줄과 노쪽손목굽힘근힘줄이 현저하게 드러난다. 긴손바닥근힘줄이 보이지 않을 때에는 노쪽손목굽힘근힘줄 자쪽에서 취혈한다. 曲澤(PC3)과 大陵(PC7)을 연결하는 선의 중점에서 먼 쪽으로 1寸 지점에서 취혈한다.","- 直刺 0.5～1寸
- 斜刺 0.5～1寸",https://www.kmcric.com/database/acupoint/PC/PC4
수궐음심포경 (PC),PC5 간사,"아래팔 앞쪽면, 긴손바닥근힘줄(palmaris longus tendon)과 노쪽손목굽힘근힘줄(flexor carpi radialis tendon)의 사이, 손바닥 쪽 손목주름(palmar wrist crease) 에서 몸 쪽으로 3寸.","주먹을 가볍게 움켜쥐고 손바닥이 위쪽을 향하도록 손목을 돌린채 팔꿈치를 약간 굽히면, 긴손바닥근힘줄과 노쪽손목굽힘근힘줄이 현저하게 드러난다. 大陵(PC7)에서 몸 쪽으로 3寸 지점에서 취혈한다. 긴손바닥근힘줄이 보이지 않는다면, 노쪽손목굽힘근힘줄 자쪽에서 취혈한다.","- 直刺 0.5～1寸
- 斜刺 1～1.5寸
- 軀幹疾患 치료시는 약간 橈骨側으로 上向하여 1～1.5寸 斜刺",https://www.kmcric.com/database/acupoint/PC/PC5
수궐음심포경 (PC),PC6 내관,"아래팔 앞쪽면, 긴손바닥근힘줄(palmaris longus tendon)과 노쪽손목굽힘근힘줄(flexor carpi radialis tendon)의 사이, 손바닥쪽 손목주름(palmar wrist crease) 에서 위로 2寸.","주먹을 가볍게 움켜쥐고 손바닥이 위쪽을 향하도록 손목을 돌린 상태에서 팔꿈치를 약간 굽히면, 긴손바닥근힘줄과 노쪽손목굽힘근힘줄이 현저하게 드러난다. 大陵(PC7)에서 몸 쪽으로 2寸 지점에서 취혈한다. 긴손바닥근힘줄이 보이지 않을 때에는 노쪽손목굽힘근힘줄 자쪽에서 취혈한다.","- 直刺 0.5～1寸 / 外關(TE5)을 향해 1.5寸로 透刺
- 斜刺 0.3～2寸 / 軀幹疾患에는 上向하여 1～2寸 斜刺 / 手指麻木에는 약간 橈側으로 3～5分 刺入",https://www.kmcric.com/database/acupoint/PC/PC6
수궐음심포경 (PC),PC7 대릉,"손목 앞쪽면, 긴손바닥근힘줄(palmaris longus tendon)과 노쪽손목굽힘근힘줄(flexor carpi radialis tendon)의 사이, 손바닥 쪽 손목주름(palmar wrist crease) 위.","주먹을 가볍게 움켜쥐고 손바닥이 위쪽을 향하도록 손목을 돌린 상태에서 팔꿈치를 약간 굽히면, 긴손바닥근힘줄과 노쪽손목굽힘근힘줄이 현저하게 드러난다. 손바닥 쪽 손목주름의 중점, 긴손바닥근힘줄과 노쪽손목굽힘근힘줄의 사이, 콩알뼈(pisiform bone)의 몸 쪽 끝인 神門(HT7)과 같은 높이에서 취혈한다.","- 直刺 0.3～0.5寸
- 斜刺 0.5～0.8寸",https://www.kmcric.com/database/acupoint/PC/PC7
수양명대장경 (LI),LI1 상양,"집게손가락, 끝마디뼈(distal phalanx)의 노쪽, 집게손톱 노쪽 뿌리각(radial corner of the index fingernail)에서 몸가쪽으로 0.1寸.",집게손톱의 노쪽모서리를 지나는 수직선과 손톱뿌리를 지나는 수평선이 만나는 지점에서 취혈한다.,"- 直刺 0.1～0.2寸
- 斜刺 0.1～0.3寸
- 三稜鍼으로 點刺出血",https://www.kmcric.com/database/acupoint/LI/LI1
수양명대장경 (LI),LI2 이간,"집게손가락, 둘째 손허리손가락관절(the 2nd metacarpophalangeal joint) 노쪽면의 먼 쪽(distal) 오목한 곳, 赤白肉際.","주먹을 가볍게 쥐고, 둘째 손허리손가락관절 노쪽의 먼 쪽 오목한 곳에 취혈한다.","- 直刺 0.2～0.3寸 (鍼尖을 노쪽에서 자쪽을 향해 刺入)
- 斜刺 0.2～0.3寸",https://www.kmcric.com/database/acupoint/LI/LI2
수양명대장경 (LI),LI3 삼간,"손등, 둘째 손허리손가락관절(the 2nd metacarpophalangeal joint) 노쪽, 몸 쪽(proximal) 오목한 곳.","주먹을 가볍게 쥐고, 둘째 손허리손가락관절 노쪽의 몸 쪽 오목한 곳에서 취혈한다.","- 0.2～0.3寸 (鍼尖을 橈側에서 尺側을 향해 刺入)
- 斜刺 0.3～0.7寸",https://www.kmcric.com/database/acupoint/LI/LI3
수양명대장경 (LI),LI5 양계,"손목 뒤가쪽면, 손등 쪽 손목주름(dorsal wrist crease)의 노쪽, 노뼈붓돌기(radial styloid process)에서 먼 쪽(distal), 해부학적 코담배갑(anatomical snuffbox)의 오목한 곳.",엄지손가락을 최대한 외전하고 신전했을 때 긴엄지폄근힘줄(extensor pollicis longus tendon)과 짧은엄지폄근힘줄(extensor pollicis brevis tendon) 사이에 해부학적 코담배갑(anatomical snuffbox)의 오목한 곳이 형성된다.,"- 直刺 0.3～0.5寸 (鍼尖을 손등의 노쪽에서 자쪽을 향해 刺入)
- 斜刺 0.3～0.7寸",https://www.kmcric.com/database/acupoint/LI/LI5
수양명대장경 (LI),LI6 편력,"아래 팔 뒤가쪽면, 陽谿(LI5)와 曲池(LI11)를 연결하는 선 위, 손등 쪽 손목주름(the dorsal wrist crease)에서 위쪽으로 3寸.","陽谿(LI5)와 曲池(LI11)를 연결하는 선에서 위쪽으로부터 3/4, 아래쪽으로부터 1/4이 되는 지점에서 취혈한다.","- 直刺 0.3～0.5寸
- 斜刺 0.5～1寸",https://www.kmcric.com/database/acupoint/LI/LI6
수양명대장경 (LI),LI8 하렴,"아래팔 뒤가쪽면, 陽谿(LI5)와 曲池(LI11)를 연결하는 선 위, 팔오금주름(cubital crease)에서 아래쪽으로 4寸.","陽谿(LI5)와 曲池(LI11)를 연결하는 선 위, 위쪽으로부터 1/3과 아래쪽으로부터 2/3가 되는 지점, 上廉(LI9)에서 아래쪽으로 1寸 지점에서 취혈한다.","- 直刺 0.5～0.8寸
- 斜刺 1～2寸",https://www.kmcric.com/database/acupoint/LI/LI8
수양명대장경 (LI),LI11 곡지,"팔꿈치 가쪽면, 尺澤(LU5)과 위팔뼈가쪽위관절융기(lateral epicondyle ofthe humerus)를 연결하는 선의 중점.","팔꿈치를 완전히 굽혔을 때, 팔오금주름 가쪽 끝의 오목한 곳에서 취혈한다.","- 直刺 0.5～1.5寸
- 斜刺 1～1.5寸 (鍼尖을 약간 비스듬히 指端을 향하여 刺入)
- 上肢癱瘓 치료시에는 팔꿈치를 굽혀 약간 비스듬히 팔꿉관절의 안쪽을 향해 刺入
- 透刺時에는 少海(HT3)를 향해 2～2.5寸 刺入",https://www.kmcric.com/database/acupoint/LI/LI11
수양명대장경 (LI),LI13 수오리,"위팔 가쪽면, 曲池(LI11)와 肩髃(LI15)를 연결하는 선 위, 팔오금주름(cubital crease)에서 위쪽으로 3寸.","위팔두갈래근(biceps brachii muscle) 노쪽모서리와 위팔뼈(humerus)의 사이, 앞겨드랑주름(anterior axillary fold)끝과 曲池(LI11)를 연결하는 선에서 위쪽으로부터 2/3와 아래쪽으로부터 1/3이 되는 지점과 같은 높이에서 취혈한다.","- 直刺 0.3～0.5寸 (혈관을 피하여 鍼尖을 臂外面에서 內側面을 향해 刺入)
- 斜刺 0.5～0.8寸",https://www.kmcric.com/database/acupoint/LI/LI13
수양명대장경 (LI),LI15 견우,"팔이음뼈(shoulder girdle), 어깨뼈봉우리(acromion) 가쪽모서리의 앞쪽 끝과 위팔뼈 큰결절(greater tubercle of the humerus) 사이의 오목한 곳.","위팔을 외전할 때, 어깨뼈봉우리의 앞뒤로 두 개의 오목한 곳이 나타난다. 어깨뼈봉우리 앞쪽의 보다 더 오목한 곳에서 취혈한다. 肩髎(TE14)는 뒤쪽 오목한 곳에 위치한다.","- 直刺 0.5～1.2寸
- 斜刺 0.7～1.5寸",https://www.kmcric.com/database/acupoint/LI/LI15
수양명대장경 (LI),LI16 거골,"팔이음뼈(shoulder girdle), 빗장뼈 봉우리끝(acromial end of the clavicle)과 어깨뼈가시(spine of the scapula)사이의 오목한 곳.",어깨뼈위오목(suprascapular fossa) 가쪽에 있는 두 뼈들 사이의 오목한 곳에서 취혈한다.,"- 直刺 0.3～0.7寸
- 斜刺 0.5～1寸 (鍼尖을 약간 外下方으로 향해 刺入)",https://www.kmcric.com/database/acupoint/LI/LI16
수양명대장경 (LI),LI17 천정,"목 앞부위, 반지연골(cricoid cartilage)과 같은 높이, 목빗근(sternocleidomastoid muscle)의 뒤모서리 바로 뒤쪽.","扶突(LI18)에서 수직으로 아래, 水突(ST10)과 수평한 지점에서 취혈한다.","- 直刺 0.3～0.5寸
- 斜刺 0.5～1寸",https://www.kmcric.com/database/acupoint/LI/LI17
수양명대장경 (LI),LI18 부돌,"목 앞부위, 방패연골(thyriod cartilage) 위모서리와 같은 높이, 목빗근(sternocleidomastoid muscle)의 앞모서리와 뒤모서리의 사이.","人迎(ST9)과 같은 높이로, 남성의 경우 후두융기와도 같은 높이에서 취혈한다.","- 直刺 0.3～0.5寸
- 斜刺 0.5～1寸",https://www.kmcric.com/database/acupoint/LI/LI18
수양명대장경 (LI),LI19 화료,"얼굴, 인중 부위(philtrum)의 중점과 같은 높이, 콧구멍 가쪽모서리 아래 쪽.",콧구멍가쪽모서리의 수직선과 인중 도랑의 중점에 해당하는 점의 수평선의 교점에서 취혈한다.,"- 直刺 0.2～0.3寸
- 斜刺 0.3～0.5寸",https://www.kmcric.com/database/acupoint/LI/LI19
수태양소장경 (SI),SI1 소택,"새끼손가락, 끝마디뼈(distal phalanx)의 자쪽, 새끼손톱 자쪽 뿌리각(ulnar corner of the little fingernail)에서 몸 안쪽으로 0.1寸.",새끼손톱의 자쪽모서리를 지나는 수직선과 손톱뿌리를 지나는 수평선이 만나는 지점에서 취혈한다.,"- 直刺 0.1～0.2寸
- 斜刺 0.2～0.3寸 (약간 上向)
- 三稜鍼으로 點刺出血",https://www.kmcric.com/database/acupoint/SI/SI1
수태양소장경 (SI),SI2 전곡,"새끼손가락, 다섯째 손허리손가락관절(the 5th metacarpophalangeal joint)자쪽의 먼 쪽 오목한 곳, 赤白肉際.","손을 약간 굽혔을 때, 새끼손가락의 손바닥 쪽 손허리손가락주름(palmar metacarpophalangeal crease) 자쪽 끝에서 취혈한다.","- 直刺 0.2～0.3寸
- 斜刺 0.3～0.5寸",https://www.kmcric.com/database/acupoint/SI/SI2
수태양소장경 (SI),SI3 후계,"손등, 다섯째 손허리손가락관절(the 5th metacarpophalangeal joint) 자쪽의 몸 쪽 오목한 곳, 赤白肉際.","손을 약간 굽혔을 때, 손바닥의 먼 쪽 가로피부주름(distal transverse skin crease)의 자쪽 끝, 赤白肉際에서 취혈한다.","- 直刺 0.5～1寸
- 斜刺 0.5～2寸 (주먹을 쥐고 中手骨을 沿해 外側에서 前內方으로)
- 手指痙攣 치료시 合谷을 향해 1.5～2寸 透刺",https://www.kmcric.com/database/acupoint/SI/SI3
수태양소장경 (SI),SI4 완골,"손목 뒤 안쪽면, 다섯째 손허리뼈바닥(base of the 5th metacarpal bone)과 세모뼈(triquetrum bone) 사이의 오목한 곳, 赤白肉際.","손가락을 後谿(SI3)에서 다섯째 손허리뼈를 따라 몸 쪽으로 뼈가 튀어나온 곳까지 밀면, 다섯째 손허리뼈와 세모뼈 사이의 오목한 곳에 이른다. 이 곳의 赤白肉際에서 취혈한다.","- 直刺 0.3～0.5寸
- 斜刺 0.5～1寸",https://www.kmcric.com/database/acupoint/SI/SI4
수태양소장경 (SI),SI6 양로,"아래팔 뒤 안쪽면, 자뼈머리(head of the ulna)의 노쪽, 손등 쪽 손목주름(dorsal wrist crease)에서 몸 쪽으로 1寸 지점의 오목한 곳.","손바닥을 아래로 향하게 하고, 다른 손의 한 손가락으로 자뼈머리의 가장 높은 지점을 누른 상태에서, 손바닥을 가슴 쪽으로 돌리면 손가락이 미끄러져 들어가는 뼈 사이의 틈새에서 취혈한다.","- 直刺 0.3～0.5寸
- 斜刺 1～1.5寸 (內關(PC6)을 향해 刺入)",https://www.kmcric.com/database/acupoint/SI/SI6
수태양소장경 (SI),SI7 지정,"아래팔 뒤 안쪽면, 자뼈 안쪽모서리(medial border of the ulna)와 자쪽손목굽힘근(flexor carpi ulnaris muscle)의 사이, 손등 쪽 손목주름(dorsal wrist crease)에서 몸 쪽으로 5寸.",陽谷(SI5)과 小海(SI8)를 연결하는 선의 중점에서 먼 쪽으로 1寸 지점에서 취혈한다.,"- 直刺 0.3～0.5寸
- 斜刺 0.3～0.5寸",https://www.kmcric.com/database/acupoint/SI/SI7
수태양소장경 (SI),SI8 소해,"팔꿈치 뒤 안쪽면, 자뼈 팔꿈치머리(olecranon)와 위팔뼈 안쪽위관절융기(medial epicondyle of the humerus)사이의 오목한 곳.","팔꿈치를 약간 굽혔을 때, 자신경고랑(groove for the ulnar nerve)에 해당하는 곳에서 취혈한다. 손가락으로 그곳을 두드리면 전기 통하는 느낌이 새끼손가락까지 전달된다.","- 直刺 0.2～0.5寸
- 斜刺 0.3～0.7寸",https://www.kmcric.com/database/acupoint/SI/SI8
수태양소장경 (SI),SI9 견정,"팔이음뼈(shoulder girdle), 어깨관절(shoulder joint) 아래뒤쪽, 겨드랑주름(axillary fold) 뒤쪽끝에서 위쪽으로 1寸.","팔을 몸통에 붙이고, 뒤겨드랑주름 끝에서 위쪽으로 1寸, 어깨세모근(deltoid muscle)의 뒤에서 취혈한다.","- 直刺 0.5～1寸
- 斜刺 0.5～1.5寸",https://www.kmcric.com/database/acupoint/SI/SI9
수태양소장경 (SI),SI14 견외수,"위쪽 등부위, 첫째 등뼈 가시돌기(spinous process of the 1st thoracic vertebra) 아래 모서리와 같은 높이, 뒤정중선(posterior median line)에서 가쪽으로 3寸.",어깨뼈가시(spine of the scapula)의 안쪽끝을 지나는 수직선과 첫째 등뼈 가시돌기 아래를 지나는 수평선이 만나는 지점에서 취혈한다.,"- 直刺 0.3～0.5寸
- 斜刺 0.5～0.7寸",https://www.kmcric.com/database/acupoint/SI/SI14
수태양소장경 (SI),SI15 견중수,"위쪽 등부위, 일곱째 목뼈 가시돌기(spinous process of the 7th cervical vertebra) 아래 모서리와 같은 높이, 뒤정중선(posterior median line)에서 가쪽으로 2寸.",뒤정중선과 어깨뼈 안쪽모서리(medial border of the scapula)를 연결하는 선에서 가쪽으로부터 1/3과 안쪽으로부터 2/3가 되는 지점을 지나는 수직선과 일곱째 목뼈 가시돌기 아래를 지나는 수평선이 만나는 지점에서 취혈한다.,"- 直刺 0.3～0.5寸
- 斜刺 0.5～0.8寸",https://www.kmcric.com/database/acupoint/SI/SI15
수태양소장경 (SI),SI16 천창,"목 앞부위, 목빗근(sternocleidomastoid muscle)의 뒤쪽, 방패연골(thyroid cartilage) 위모서리와 같은 높이.",저항을 받으며 머리를 반대로 돌리면 목빗근이 현저하게 드러난다.,"- 直刺 0.3～0.5寸
- 斜刺 0.5～0.8寸",https://www.kmcric.com/database/acupoint/SI/SI16
수태양소장경 (SI),SI17 천용,"목 앞부위, 턱뼈각(mandibular angle)뒤쪽, 목빗근(sternocleidomastoid muscle) 앞쪽 오목한 곳.",저항을 받으며 머리를 반대로 돌렸을 때 목빗근이 현저하게 드러난다.,"- 直刺 0.3～0.5寸
- 斜刺 0.5～1.5寸 (舌根部로 향해)",https://www.kmcric.com/database/acupoint/SI/SI17
수태양소장경 (SI),SI18 관료,"얼굴, 광대뼈(zygomatic bone) 아래쪽, 가쪽눈구석(outer canthus)에서 수직으로 아래쪽 오목한 곳.",광대뼈 아래모서리의 수평선과 가쪽눈 구석의 수직선이 만나는 부위의 오목한 곳에서 취혈한다.,"- 直刺 0.2～0.3寸
- 斜刺 0.5～1寸 (下方으로 향해)
- 禁鍼灸 (『醫學入門』)
- 刺二分禁灸 (『類經圖翼』)",https://www.kmcric.com/database/acupoint/SI/SI18
수태양소장경 (SI),SI19 청궁,"얼굴, 귀구슬(tragus) 중심의 앞모서리와 아래턱뼈 관절돌기(condylar process of the mandible) 사이의 오목한 곳.","입을 약간 벌릴 때 나타나는 귀구슬 중심의 앞쪽 오목한 곳으로, 耳門(TE21)과 聽會(GB2)의 사이에서 취혈한다.","- 直刺 0.3～0.5寸
- 斜刺 0.5～1寸 (입을 벌리고 약간 下部로 향하여)",https://www.kmcric.com/database/acupoint/SI/SI19
수소양삼초경 (TE),TE1 관충,"약손가락, 끝마디뼈(distal phalanx)의 자쪽, 넷째손톱 자쪽 뿌리각(ulnar corner of the fingernail)에서 몸 쪽으로 0.1寸.",넷째손톱의 자쪽모서리를 지나는 수직선과 손톱뿌리를 지나는 수평선이 만나는 지점에서 취혈한다.,"- 直刺 0.1～0.2寸
- 斜刺 0.2～0.3寸
- 三稜鍼으로 點刺出血",https://www.kmcric.com/database/acupoint/TE/TE1
수소양삼초경 (TE),TE2 액문,"손등, 약손가락과 새끼손가락 사이, 손샅 가장자리(web margin) 위쪽 오목한 곳, 赤白肉際.","주먹을 가볍게 쥐고, 손바닥이 아래쪽을 향하게 한 자세에서, 약손가락과 새끼손가락이 만나는 지점의 위쪽 오목한 곳으로 赤白肉際에서 취혈한다.","- 直刺 0.3～0.5寸
- 斜刺 0.3～0.5寸",https://www.kmcric.com/database/acupoint/TE/TE2
수소양삼초경 (TE),TE4 양지,"손목 뒤쪽면, 손등 쪽 손목주름(dorsal wrist crease) 위, 손가락폄근힘줄(extensor digitorum tendon) 자쪽 오목한 곳.","손바닥을 아래로 하고, 저항을 주면서 손목을 손등 쪽으로 굽히면 손가락폄근힘줄을 더욱 쉽게 촉지할 수 있다. 손가락을 넷째와 다섯째 손허리뼈(the 4th and 5th metacarpal bone) 사이를 따라서 몸 쪽으로 움직이다가 손등 쪽 손목주름과 만나는 오목한 곳에서 취혈한다.","- 直刺 0.3～0.5寸
- 斜刺 0.3～0.5寸",https://www.kmcric.com/database/acupoint/TE/TE4
수소양삼초경 (TE),TE5 외관,"아래팔 뒤쪽면, 자뼈와 노뼈 뼈사이공간(interosseous space between the radius and the ulna)의 중점, 손등쪽손목주름(dorsal wrist crease)에서 몸쪽으로 2寸.","陽池(TE4)에서 몸 쪽으로 2寸, 자뼈와 노뼈 사이의 오목한 곳에서 취혈한다. 外關(TE5)에 상응하는 앞쪽 經穴은 內關(PC6)이다.","- 直刺 0.5～1寸 (혹은 內關(PC6)을 향해 透刺하기도 한다)
- 斜刺 1～1.5寸 (軀幹의 疾患에는 上向하여 1～1.5寸 斜刺한다)",https://www.kmcric.com/database/acupoint/TE/TE5
수소양삼초경 (TE),TE6 지구,"아래팔 뒤쪽면, 자뼈와 노뼈 뼈사이공간(interosseous space between the radius and the ulna)의 중점, 손등쪽손목주름(dorsal wrist crease)에서 몸 쪽으로 3寸.","外關(TE5)에서 몸 쪽으로 1寸, 會宗(TE7)과 같은 높이, 자뼈와 노뼈 사이에서 취혈한다.","- 直刺 0.5～1寸
- 斜刺 1～1.5寸",https://www.kmcric.com/database/acupoint/TE/TE6
수소양삼초경 (TE),TE7 회종,"아래팔 뒤쪽면, 자뼈(ulna)의 바로 노쪽, 손등 쪽 손목주름(dorsal wrist crease)에서 몸 쪽으로 3寸.",支溝(TE6)의 자쪽에서 취혈한다.,"- 直刺 0.5～0.9寸
- 斜刺 0.5～1寸",https://www.kmcric.com/database/acupoint/TE/TE7
수소양삼초경 (TE),TE8 삼양락,"아래팔 뒤쪽면, 자뼈와 노뼈 뼈사이공간(interosseous space between the radius and the ulna)의 중점, 손등쪽손목주름(dorsal wrist crease)에서 몸 쪽으로 4寸.",陽池(TE4)와 팔꿈치 끝(tip of the elbow)을 연결하는 선에서 위쪽으로부터 2/3와 아래쪽으로부터 1/3이 되는 지점에서 취혈한다.,"- 直刺 0.5～1寸
- 斜刺 0.8～1.5寸 (深刺時에는 郄門(PC4)을 향해 2～3寸 刺入)
- 不可刺 (「鍼灸甲乙經」)",https://www.kmcric.com/database/acupoint/TE/TE8
수소양삼초경 (TE),TE9 사독,"아래팔 뒤쪽면, 자뼈와 노뼈 뼈사이공간(interosseous space between theradius and the ulna)의 중점, 팔꿈치머리 융기(prominence of the olecranon)에서 먼 쪽으로 5寸.",陽池(TE4)와 팔꿈치머리 융기를 연결하는 선의 중점에서 몸 쪽으로 1寸 지점에서 취혈한다.,"- 直刺 0.5～1寸
- 斜刺 0.5～1寸",https://www.kmcric.com/database/acupoint/TE/TE9
수소양삼초경 (TE),TE10 천정,"팔꿈치 뒤쪽면, 팔꿈치머리 융기(prominence of the olecranon)에서 몸 쪽으로 1寸이 되는 오목한 곳.","팔꿈치를 굽혔을 때, 팔꿈치머리오목(olecranon fossa)에서 취혈한다.","- 直刺 0.3～0.5寸
- 斜刺 0.5～1寸",https://www.kmcric.com/database/acupoint/TE/TE10
수소양삼초경 (TE),TE11 청랭연,"위팔 뒤쪽면, 팔꿈치머리 융기(prominence of the olecranon)와 봉우리각(acromial angle)을 연결하는 선 위, 팔꿈치머리 융기에서 몸쪽으로 2寸.","팔꿈치를 펴고, 팔꿈치머리 융기로부터 위쪽으로 2寸에서 취혈한다.","- 直刺 0.3～0.5寸
- 斜刺 0.5～1寸",https://www.kmcric.com/database/acupoint/TE/TE11
수소양삼초경 (TE),TE14 견료,"팔이음뼈(shoulder girdle), 봉우리각(acromial angle)과 위팔뼈 큰결절(greater tubercle of the humerus) 사이의 오목한 곳.","팔꿈치를 굽히고 위팔을 외전시키면, 어깨뼈봉우리(acromion) 앞뒤로 각각 두 개의 오목한 곳이 나타난다. 肩髎(TE14)는 뒤쪽에 위치하며, 앞쪽에 위치한 肩髃(LI15)보다 덜 오목하다.","- 直刺 0.5～1寸
- 斜刺 1～2寸
- 肩關節炎 치료시는 어깨관절을 外轉시켜 어깨뼈봉우리와 위팔뼈큰결절 사이를 沿해서 極泉(HT1)을 향해 1.5～2寸 直刺, 혹은 極泉(HT1)까지 透刺하거나, 아래쪽으로 비스듬히 2～3寸 斜刺한다.",https://www.kmcric.com/database/acupoint/TE/TE14
수소양삼초경 (TE),TE15 천료,"어깨뼈부위, 어깨뼈 위각(superior angle of the scapula)에서 위쪽 오목한 곳.","바르게 앉아 팔을 몸통 옆으로 늘어뜨리고, 肩井(GB21)과 曲垣(SI13)의 중간에서 취혈한다.","- 直刺 0.3～0.5寸 (肩胛棘의 방향으로 偏向하여 刺入, 不宜深刺)
- 斜刺 0.5～0.8寸",https://www.kmcric.com/database/acupoint/TE/TE15
수소양삼초경 (TE),TE20 각손,"머리, 귓바퀴끝(auricular apex)의 바로 위쪽 지점.","귓바퀴를 앞으로 접어 머리에 눌러 붙일 때, 귓바퀴끝이 머리에 닿는 지점에서 취혈한다.","- 直刺 0.1～0.2寸
- 斜刺 0.1～0.3寸",https://www.kmcric.com/database/acupoint/TE/TE20
족양명위경 (ST),ST2 사백,"얼굴, 눈확아래구멍(infraorbital foramen).",눈확아래구멍은 동공(pupil)에서 수직으로 아래쪽에서 촉지된다.,"- 直刺 0.2～0.3寸
- 斜刺 0.3～0.5寸",https://www.kmcric.com/database/acupoint/ST/ST2
족양명위경 (ST),ST3 거료,"얼굴, 동공(pupil)에서 수직으로 아래 쪽, 콧방울(ala of the nose) 아래모서리와 같은 높이.","고개를 들고 앞을 바로 볼 때, 동공을 지나는 수직선과 콧방울 아래모서리를 지나는 수평선이 만나는 지점에서 취혈한다. 수직으로 위쪽에 四白(ST2)이 위치한다.","- 直刺 0.3～0.5寸
- 斜刺 0.5～1寸",https://www.kmcric.com/database/acupoint/ST/ST3
족양명위경 (ST),ST4 지창,"얼굴, 입꼬리에서 가쪽으로 0.4寸.","입꼬리 옆쪽, 코입술고랑(nasolabialsulcus) 위 혹은 코입술고랑의 연장선상에서 취혈한다.","- 直刺 0.3～0.5寸
- 橫刺 1～1.5寸
- 顔面神經麻痺 치료시 頰車(ST6)로 透刺 1.5～2.5寸
- 三叉神經痛 치료시 迎香(LI20)으로 透刺 1～2寸",https://www.kmcric.com/database/acupoint/ST/ST4
족양명위경 (ST),ST5 대영,"얼굴, 턱뼈각(angle of the mandible)앞쪽, 깨물근(masseter muscle) 부착 부분 앞쪽 오목한 곳, 얼굴동맥(facial artery)이 뛰는 곳.","입을 다물고, 입안에 공기를 채울 때, 아래턱뼈뿔 아래앞쪽에 나타나는 도랑처럼 패인 오목한 곳에서 취혈한다.","- 直刺 0.2～0.3寸
- 斜刺 0.5～1寸",https://www.kmcric.com/database/acupoint/ST/ST5
족양명위경 (ST),ST6 협거,"얼굴, 턱뼈각(angle of the mandible)에서 위앞쪽으로 1寸.","턱뼈각의 이등분선 위, 입과 치아를 굳게 다물면 깨물근(masseter muscle)이 융기되고, 굳게 다물었던 치아를 놓으면 오목하게 느껴지는 곳에서 취혈한다.","- 直刺 0.3～0.5寸
- 斜刺 0.5～1寸 (깨물근경련 치료시 위쪽을 향해 刺入, 上‧下齒痛에는 上齒 및 下齒를 향해 刺入)",https://www.kmcric.com/database/acupoint/ST/ST6
족양명위경 (ST),ST7 하관,"얼굴, 광대활(zygomatic arch) 아래모서리의 중점과 턱뼈패임(mandibularnotch) 사이의 오목한 곳.","입을 다물고, 上關(GB3)에서 수직으로 아래쪽, 광대활 아래쪽의 오목한 곳에서 취혈한다.","- 艾炷灸 3～5壯
- 艾條灸 5～10分",https://www.kmcric.com/database/acupoint/ST/ST7
족양명위경 (ST),ST9 인영,"목 앞부위, 방패연골(thyroid catilage) 위모서리와 같은 높이, 목빗근(sternocleidomastoid muscle) 앞쪽, 온목동맥(common carotid artery)이 뛰는 곳.",저항을 받으며 머리를 반대편으로 돌리면 목빗근이 현저하게 드러난다.,"- 直刺 0.2～0.3寸 (不宜過深刺 혹 禁刺)
- 斜刺 0.3～0.7寸",https://www.kmcric.com/database/acupoint/ST/ST9
족양명위경 (ST),ST11 기사,"목 앞부위, 작은빗장위오목(lesser supraclavicular fossa), 빗장뼈 복장끝(sternal end of the clavicle)의 위쪽, 목빗근(sternocleidomastoid muscle)의 빗장뼈갈래(clavicular head)와 복장뼈갈래(sternal head)의 사이 오목한 곳.",저항을 받으며 머리를 반대편으로 돌리면 목빗근이 현저하게 드러난다.,"- 直刺 0.3～0.5寸
- 斜刺 0.3～0.5寸",https://www.kmcric.com/database/acupoint/ST/ST11
족양명위경 (ST),ST15 옥예,"앞가슴부위, 둘째 갈비사이공간(the 2nd intercostal space), 앞정중선(anterior median line)에서 가쪽으로 4寸.","먼저 복장뼈각(sternal angle)과 같은 높이에서 둘째 갈비뼈(the 2nd rib)를 찾으면, 그 아래가 둘째 갈비사이공간이 된다. 남성의 경우는 젖꼭지(nipple)에서 위쪽으로 갈비뼈 2개만큼 올라와도 된다. 본래 갈비뼈가 활모양으로 휘었기 때문에, 屋翳(ST15)는 神藏(KI25)보다 약간 위쪽에 위치한다.","- 直刺 0.2～0.3寸 (不宜深刺)
- 斜刺 0.3～0.5寸",https://www.kmcric.com/database/acupoint/ST/ST15
족양명위경 (ST),ST16 응창,"앞가슴부위, 셋째 갈비사이공간(the 3rd intercostal space), 앞정중선(anterior median line)에서 가쪽으로 4寸.",靈墟(KI24)의 가쪽으로 2寸 부위에서 취혈한다.,"- 直刺 0.2～0.3寸 (不可深刺)
- 斜刺 0.3～0.5寸",https://www.kmcric.com/database/acupoint/ST/ST16
족양명위경 (ST),ST17 유중,"앞가슴부위, 젖꼭지(nipple)의 중심.","남성의 경우, 넷째 갈비사이공간(the 4th intercostal space)에 젖꼭지의 중심이 위치한다.",- 禁鍼 (『鍼灸甲乙經』),https://www.kmcric.com/database/acupoint/ST/ST17
족양명위경 (ST),ST18 유근,"앞가슴부위, 다섯째 갈비사이공간(the 5th intercostal space), 앞정중선(anterior median line)에서 가쪽으로 4寸.","남성의 경우, 젖꼭지를 지나는 수직선과 다섯째 갈비사이공간이 만나는 지점에서 취혈한다. 여성의 경우, 젖아래주름(inferior crease of the breast)의 중점에서취혈한다.","- 直刺 0.2～0.3寸
- 斜刺 0.3～0.5寸
- 橫刺 0.5～1寸",https://www.kmcric.com/database/acupoint/ST/ST18
족양명위경 (ST),ST19 불용,"윗배, 배꼽(umbilicus) 중심에서 위쪽으로 6寸, 앞정중선(anterior median line)에서 가쪽으로 2寸.","巨闕(CV14)에서 가쪽으로 2寸, 갈비뼈각(costal angle) 아래에서 취혈한다. 명치각(infrasternal angle)이 너무 날카롭거나 갈비뼈가 不容(ST19) 아래쪽에 있는 경우에는 斜刺하여 不容(ST19)에 이르도록 한다.","- 直刺 0.5～0.8寸
- 斜刺 0.5～1寸",https://www.kmcric.com/database/acupoint/ST/ST19
족양명위경 (ST),ST31 비관,"넓적다리 앞쪽면, 넙다리곧은근(rectus femoris muscle) 몸쪽끝, 넙다리빗근(sartorius muscle), 넙다리근막긴장근(tensor fasciae latae muscle)의 세 근육 사이의 오목한 곳.","엉덩이와 무릎을 약간 굽히고, 넓적다리의 앞안쪽에 저항을 주며 다리를 살짝 외전시키면 세모꼴의 오목한 부위가 나타난다. 넙다리곧은근의 몸쪽끝은 안쪽의 넙다리빗근과 가쪽의 넙다리근막긴장근 사이의 오목한 곳에서 나타난다. 髀關(ST31)은 이 세모의 꼭짓점아래 가장 오목한 곳에 위치한다. 무릎뼈바닥 가쪽끝(lateral end of the base of the patella)과 위앞엉덩뼈가시(anterior superior iliac spine)의 연결선에서 두덩결합의 아래모서리(inferior border of the pubic symphysis)와 같은 높이에서 취혈한다.","- 直刺 0.8～1.5寸
- 斜刺 1.5寸～2寸",https://www.kmcric.com/database/acupoint/ST/ST31
족양명위경 (ST),ST33 음시,"넓적다리 앞가쪽면, 넙다리곧은근힘줄(rectus femoris tendon) 가쪽, 무릎뼈바닥(base of the patella)에서 위쪽으로 3寸.",伏兎(ST32)와 무릎뼈바닥 가쪽끝을 연결하는 선의 중점에서 취혈한다.,"- 直刺 0.5～0.7寸
- 斜刺 0.7～1寸",https://www.kmcric.com/database/acupoint/ST/ST33
족양명위경 (ST),ST34 양구,"넓적다리 앞가쪽면, 가쪽넓은근(vastus lateralis muscle)과 넙다리곧은근힘줄(rectus femoris tendon) 가쪽모서리사이, 무릎뼈바닥(base of patellae)에서 위쪽으로 2寸.","넓적다리 근육에 힘을 주면, 넙다리 곧은근힘줄과 가쪽넓은근이 현저하게 드러난다. 근육과 힘줄 사이, 陰市(ST33)에서 수직으로 아래쪽 1寸 지점에서 취혈한다.","- 直刺 0.5～1寸
- 斜刺 1～1.5寸",https://www.kmcric.com/database/acupoint/ST/ST34
족양명위경 (ST),ST36 족삼리,"종아리 앞쪽면, 犢鼻(ST35)와 解谿(ST41)를 연결하는 선을 16촌으로 하여, 犢鼻(ST35)에서 아래쪽으로 3寸에 해당됨.","앉은 자세에서 발목에 힘을 빼거나, 또는 바로 누워 무릎을 굽힌 자세에서, 犢鼻(ST35) 아래쪽 3寸, 앞정강근(tibialis anterior muscle) 위에 취혈한다. 정강뼈거친면(tuberosity of tibia), 종아리뼈머리(head of fibula), 足三里(ST36)가 정삼각형 모양을 이룸.","- 0.5～1.5寸 直刺
- 上方 또는 下方을 향해 1～2寸 사자를 함.",https://www.kmcric.com/database/acupoint/ST/ST36
족양명위경 (ST),ST37 상거허,"종아리 앞쪽면, 犢鼻(ST35)와 解谿(ST41)를 연결하는 선을 16촌으로 하여, 犢鼻(ST35)에서 아래쪽으로 6寸에 해당됨.","앉은 자세에서 발목에 힘을 빼거나, 또는 바로 누워 무릎을 굽힌 자세에서, 犢鼻(ST35) 아래쪽 6寸, 앞정강근(tibialis anterior muscle) 위에 취혈한다.","- 0.5～1.5寸 直刺
- 斜刺 1～2寸",https://www.kmcric.com/database/acupoint/ST/ST37
족양명위경 (ST),ST38 조구,"종아리 앞쪽면, 犢鼻(ST35)와 解谿(ST41)를 연결하는 선을 16촌으로 하여, 犢鼻(ST35)에서 아래쪽으로 8寸에 해당됨.","犢鼻(ST35) 아래쪽 8寸 부위. 즉 독비와 해계를 연결한 선의 중점으로, 앞정강근(tibialis anterior muscle) 위에 취혈하며, 豊隆(ST40)과 같은 높이에 해당됨.","- 0.5～1寸 直刺
- 斜刺 1～1.5寸",https://www.kmcric.com/database/acupoint/ST/ST38
족양명위경 (ST),ST39 하거허,"종아리 앞쪽면, 犢鼻(ST35)와 解谿(ST41)를 연결하는 선을 16촌으로 하여, 犢鼻(ST35)에서 아래쪽으로 9寸에 해당됨.","犢鼻(ST35) 아래쪽 9寸 부위로, 앞정강근(tibialis anterior muscle) 위에 취혈하며, 陽交(GB35)․外丘(GB36)와 같은 높이에 해당됨.","- 直刺 0.5～1寸
- 斜刺 1～1.5寸",https://www.kmcric.com/database/acupoint/ST/ST39
족양명위경 (ST),ST40 풍륭,"종아리 앞가쪽면, 앞정강근(tibialis anterior muscle)의 가쪽모서리에 있으며, 犢鼻(ST35)와 解谿(ST41)를 연결하는 선을 16촌으로 하여, 가쪽 복사 융기(prominence of the lateral malleolus) 위쪽으로 8寸 부위에 해당됨.","가쪽 복사 융기(prominence of the lateral malleolus) 위쪽으로 8寸 부위. 즉 독비와 해계를 연결한 선의 중점 높이로, 條口(ST38)에서 가쪽으로 1指 뒤에서 취혈한다.","- 0.5～1寸 直刺
- 斜刺 1～1.5寸 (鍼尖을 약간 內側으로 향해 刺入)",https://www.kmcric.com/database/acupoint/ST/ST40
족양명위경 (ST),ST41 해계,"발목 앞쪽면, 발목관절 앞면 중앙부위로서, 긴엄지폄근힘줄(extensor halluces longus tendon)과 긴발가락폄근힘줄(extensor digitorum longus tendon) 사이 오목한 곳에 위치함.","발목을 발등 쪽으로 굽혔을 때 발등에서 더욱 도드라지는 긴엄지폄근힘줄과 긴발가락폄근힘줄 사이 오목한 곳에서 취혈하는데, 가쪽복사 융기(prominence of the lateral malleolus)와 안쪽복사 융기(prominence of the medial malleolus)를 연결하는 선의 중점에 해당됨.",- 鍼尖을 足根部로 향하여 0.3～0.8寸 直刺,https://www.kmcric.com/database/acupoint/ST/ST41
족양명위경 (ST),ST45 여태,"둘째발가락, 끝마디뼈(distal phalanx)가쪽, 둘째발톱 가쪽 뿌리각(lateral corner of the 2nd toenail)에서 몸가쪽으로 0.1寸.",둘째발톱의 가쪽모서리를 지나는 수직선과 발톱뿌리를 지나는 수평선이 만나는 지점에서 취혈한다.,"- 直刺 0.1～0.2寸
- 斜刺 0.1～0.2寸",https://www.kmcric.com/database/acupoint/ST/ST45
족태양방광경 (BL),BL1 정명,"얼굴, 안쪽눈구석(inner canthus)의 위 안쪽 부분과 눈확(orbit)의 안쪽 벽 사이의 오목한 곳.","눈을 감고 눈동자를 반대편으로 돌린 상태에서, 안쪽눈구석에서 위안쪽으로 0.1寸 지점의 오목한 곳에서 취혈한다.","- 直刺 0.1～0.3寸 (不宜深刺)
- 斜刺 0.3～0.7寸",https://www.kmcric.com/database/acupoint/BL/BL1
족태양방광경 (BL),BL2 찬죽,"머리, 눈썹 안쪽끝의 오목한 곳.","이마뼈패임(frontal notch), 睛明(BL1)에서 수직으로 위쪽, 눈썹 안쪽끝에서 취혈한다.","- 直刺 0.3～0.5寸
- 三稜鍼으로 點刺出血
- 眼疾患 치료시 鍼尖을 下向하여 睛明(BL1)이나 外方의 絲竹空(TE23)으로 斜透刺 0.5～1寸",https://www.kmcric.com/database/acupoint/BL/BL2
족태양방광경 (BL),BL3 미충,"머리, 이마뼈패임(frontal notch)의 위 쪽, 前髮際(anterior hairline)에서 위 쪽으로 0.5寸.",神庭(GV24)을 지나는 수평선과 攢竹(BL2)을 지나는 수직선이 만나는 곳에서 취혈한다. 神庭(GV24)과 曲差(BL4) 사이의 중간에 위치한다.,"- 直刺 0.2～0.3寸
- 斜刺 0.3～0.5寸 (鍼尖을 上方 혹은 外方으로 향하고 피부를 沿하여 橫刺)",https://www.kmcric.com/database/acupoint/BL/BL3
족태양방광경 (BL),BL4 곡차,"머리, 前髮際(anterior hairline)에서 위쪽으로 0.5寸, 앞정중선(anterior median line)에서 가쪽으로 1.5寸.","神庭(GV24)과 頭維(ST8)를 연결하는 활모양의 가상선에서 안쪽으로부터 1/3, 가 쪽으로부터 2/3가 되는 지점에서 취혈한다.","- 直刺 0.2～0.3寸
- 斜刺(橫刺) 0.3～0.5寸",https://www.kmcric.com/database/acupoint/BL/BL4
족태양방광경 (BL),BL9 옥침,"머리, 바깥뒤통수뼈융기(external occipital protuberance) 위모서리와 같은 높이, 뒤 정중선(posterior median line)에서 가쪽으로 1.3寸.",등세모근(trapezius muscle) 가쪽모서리를 지나는 수직선과 바깥뒤통수뼈융기 위모서리를 지나는 수평선이 만나는 지점에서 취혈한다.,"- 直刺 0.2～0.3寸
- 斜刺 0.3～0.5寸 (下로 향하고 피부를 沿하여 刺入)",https://www.kmcric.com/database/acupoint/BL/BL9
족태양방광경 (BL),BL11 대저,"위쪽 등부위, 첫째 등뼈 가시돌기(spinous process of the 1st thoracic vertebra) 아래모서리와 같은 높이, 뒤정중선(posterior median line)에서 가쪽으로 1.5寸.",陶道(GV13)와 肩外兪(SI14) 사이의 중점에서 취혈한다.,"- 直刺 0.3～0.5寸
- 斜刺 0.5～1寸 (斜下方 또는 椎體 方向)",https://www.kmcric.com/database/acupoint/BL/BL11
족태양방광경 (BL),BL12 풍문,"위쪽 등부위, 둘째 등뼈 가시돌기(spinous process of the 2nd thoracic vertebra) 아래모서리와 같은 높이,뒤정중선(posterior median line)에서 가쪽으로 1.5寸.",附分(BL41)과 둘째 등뼈 가시돌기 아래모서리 사이의 중점에서 취혈한다.,"- 直刺 0.3～0.5寸
- 斜刺 0.5～1寸 (약간 비스듬히 척추를 향해)",https://www.kmcric.com/database/acupoint/BL/BL12
족태양방광경 (BL),BL13 폐수,"위쪽 등부위, 셋째 등뼈 가시돌기(spinous process of the 3rd thoracic vertebra) 아래모서리와 같은 높이, 뒤정중선(posterior median line)에서 가쪽으로 1.5寸.",身柱(GV12)와 魄戶(BL42) 사이의 중점에서 취혈한다.,"- 直刺 0.3～0.5寸
- 斜刺 0.5～1寸 (脊椎를 향해 上方 30°이나 下斜方으로)",https://www.kmcric.com/database/acupoint/BL/BL13
족태양방광경 (BL),BL14 궐음수,"위쪽 등부위, 넷째 등뼈 가시돌기 (spinous process of the 4th thoracic vertebra) 아래모서리와 같은 높이, 뒤정중선(posterior median line)에서 가쪽으로 1.5寸.",膏肓(BL43)과 넷째 등뼈 가시돌기 아래모서리 사이의 중점에서 취혈한다.,"- 直刺 0.3～0.5寸
- 斜刺 0.5～1寸 (척추를 향해 30° 上方이나 下斜方으로)",https://www.kmcric.com/database/acupoint/BL/BL14
족태양방광경 (BL),BL15 심수,"위쪽 등부위, 다섯째등뼈가시돌기 (spinous process of the 5th thoracic vertebra) 아래모서리와 같은 높이, 뒤정중선(posterior median line)에서 가쪽으로 1.5寸.",神道(GV11)와 神堂(BL44) 사이의 중점에서 취혈한다.,"- 直刺 0.3～0.5寸
- 斜刺 1.5寸 (척추를 향해 30°上方이나 斜下方으로)
- 橫刺하여 위에서 아래로 筋層을 뚫고 1～2寸 透刺",https://www.kmcric.com/database/acupoint/BL/BL15
족태양방광경 (BL),BL16 독수,"위쪽 등부위, 여섯째 등뼈 가시돌기 (spinous process of the 6th thoracic vertebra) 아래모서리와 같은 높이, 뒤정중선(posterior median line)에서 가쪽으로 1.5寸.",靈臺(GV10)와 噫嘻(BL45) 사이의 중점에서 취혈한다.,"- 直刺 0.3～0.5寸
- 斜刺 0.5～1寸 (척추를 향해 30°上方이나 斜下方으로)
- 橫刺하여 위에서 아래로 筋層을 뚫고 1～2寸 透刺",https://www.kmcric.com/database/acupoint/BL/BL16
족태양방광경 (BL),BL17 격수,"위쪽 등부위, 일곱째 등뼈 가시돌기 (spinous process of the 7th thoracic vertebra) 아래모서리와 같은 높이, 뒤정중선(posterior median line)에서 가쪽으로 1.5寸.",至陽(GV9)과 膈關(BL46) 사이의 중점에서 취혈한다.,"- 直刺 0.3～0.5寸
- 斜刺 0.5～1寸 (척추를 향해 30°上方이나 斜下方으로)
- 橫刺하여 위에서 아래로 筋層을 뚫고 1～2寸 透刺",https://www.kmcric.com/database/acupoint/BL/BL17
족태양방광경 (BL),BL18 간수,"위쪽 등부위, 아홉째 등뼈 가시돌기 (spinous process of the 9th thoracic vertebra) 아래모서리와 같은 높이, 뒤정중선(posterior median line)에서 가쪽으로 1.5寸.",筋縮(GV8)과 魂門(BL47) 사이의 중점에서 취혈한다.,"- 直刺 0.3～0.5寸
- 斜刺 0.5～1寸 (척추를 향해 30°上方이나 斜下方으로)
- 橫刺하여 위에서 아래로 筋層을 뚫고 1～2寸 透刺",https://www.kmcric.com/database/acupoint/BL/BL18
족태양방광경 (BL),BL19 담수,"위쪽 등부위, 열째 등뼈 가시돌기 (spinous process of the 10th thoracic vertebra) 아래모서리와 같은 높이, 뒤정중선(posterior median line)에서 가쪽으로 1.5寸.",中樞(GV7)와 陽綱(BL48) 사이의 중점에서 취혈한다.,"- 直刺 0.3～0.5寸
- 斜刺 0.3～1寸 (척추를 향해 30°上方이나 斜下方으로)
- 橫刺하여 위에서 아래로 筋層을 뚫고 1～2寸 透刺",https://www.kmcric.com/database/acupoint/BL/BL19
족태양방광경 (BL),BL20 비수,"위쪽 등부위, 열한째 등뼈 가시돌기 (spinous process of the 11th thoracic vertebra) 아래모서리와 같은 높이, 뒤 정중선(posterior median line)에서 가쪽으로 1.5寸.",脊中(GV6)과 意舍(BL49) 사이의 중점에서 취혈한다.,"- 直刺 0.3～0.5寸
- 斜刺 0.5～1寸 (척추를 향해 30°上方이나 斜下方으로)
- 橫刺하여 위에서 아래로 筋層을 뚫고 1～2寸 透刺",https://www.kmcric.com/database/acupoint/BL/BL20
족태양방광경 (BL),BL21 위수,"위쪽 등부위, 열두째 등뼈 가시돌기 (spinous process of the 12th thoracic vertebra) 아래모서리와 같은 높이, 뒤정중선(posterior median line)에서 가쪽으로 1.5寸.",胃倉(BL50)과 열두째 등뼈 가시돌기 아래모서리 사이의 중점에서 취혈한다.,"- 直刺 0.3～0.5寸
- 斜刺 0.5～1寸 (척추를 향해 30°上方이나 斜下方으로)
- 橫刺하여 위에서 아래로 筋層을 뚫고 1～2寸 透刺",https://www.kmcric.com/database/acupoint/BL/BL21
족태양방광경 (BL),BL22 삼초수,"허리부위, 첫째 허리뼈 가시돌기 (spinous process of the 1st lumbar vertebra) 아래모서리와 같은 높이, 뒤정중선(posterior median line)에서 가쪽으로 1.5寸.",懸樞(GV5)와 肓門(BL51) 사이의 중점에서 취혈한다.,"- 直刺 0.3～0.5寸
- 斜刺 0.5～1寸 (척추를 향해 30°上方이나 斜下方으로)
- 橫刺하여 위에서 아래로 筋層을 뚫고 1～2寸 透刺",https://www.kmcric.com/database/acupoint/BL/BL22
족태양방광경 (BL),BL23 신수,"허리부위, 둘째 허리뼈 가시돌기 (spinous process of the 2nd lumbar vertebra) 아래모서리와 같은 높이, 뒤정중선(posterior median line)에서 가쪽으로 1.5寸.",命門(GV4)과 志室(BL52) 사이의 중점에서 취혈한다.,"- 直刺 0.3～1寸
- 斜刺 0.5～1寸 (척추를 향해 30°上方이나 斜下方으로)
- 橫刺하여 위에서 아래로 筋層을 뚫고 1～2寸 透刺",https://www.kmcric.com/database/acupoint/BL/BL23
족태양방광경 (BL),BL25 대장수,,"허리부위, 넷째 허리뼈 가시돌기 (spinous process of the 4th lumbar vertebra) 아래모서리와 같은 높이, 뒤정중선(posterior median line)에서 가쪽으로 1.5寸.","- 直刺 0.5～1寸
- 1～2寸 (坐骨神經痛 치료시는 약간 外斜方으로)
- 薦腸關節炎에는 鍼尖을 下向하여 小腸兪(BL27)로 透刺",https://www.kmcric.com/database/acupoint/BL/BL25
족태양방광경 (BL),BL31 상료,"엉치부위, 첫째 뒤엉치뼈구멍(the 1st posterior sacral foramen).",첫째 뒤엉치뼈구멍은 손가락을 次髎(BL32)에서부터 위쪽으로 움직이면서 찾으면 오목하게 만져진다.,- 直刺 0.5～1.2寸 (刺入仙骨後孔內),https://www.kmcric.com/database/acupoint/BL/BL31
족태양방광경 (BL),BL32 차료,"엉치부위, 둘째 뒤엉치뼈구멍(the 2nd posterior sacral foramen).","둘째 뒤엉치뼈구멍은 위뒤엉덩뼈가시(posterior superior iliac spine)와 둘째 엉치뼈 가시돌기(spinous process of the 2nd sacral vertebra)를 연결하는 선의 중점, 오목한 곳에서 촉지된다.",- 直刺 0.5～1寸 (刺入仙骨後孔內),https://www.kmcric.com/database/acupoint/BL/BL32
족태양방광경 (BL),BL33 중료,"엉치부위, 셋째 뒤엉치뼈구멍(the 3rd posterior sacral foramen).",셋째 뒤엉치뼈구멍은 손가락을 次髎(BL32)에서부터 아래쪽으로 움직이면서 찾으면 처음으로 촉지되는 오목한 곳이다.,- 直刺 0.5～1寸 (刺入仙骨後孔內),https://www.kmcric.com/database/acupoint/BL/BL33
족태양방광경 (BL),BL34 하료,"엉치부위, 넷째 뒤엉치뼈구멍(the 4th posterior sacral foramen).","넷째 뒤엉치뼈구멍은 손가락을 次髎(BL32)에서부터 아래쪽으로 움직이면서 찾으면 두 번째로 만져지는 오목한 곳으로, 엉치뼈틈새(sacral hiatus)와 같은 높이에 위치한다.",- 直刺 0.5～1寸 (刺入仙骨後孔內),https://www.kmcric.com/database/acupoint/BL/BL34
족태양방광경 (BL),BL35 회양,"엉덩이부위, 꼬리뼈끝(extremity of the coccyx)에서 가쪽으로 0.5寸.",엎드린 자세나 무릎을 가슴에 댄 자세를 한다. 꼬리뼈끝에서 가쪽으로 약간 오목한 곳에서 취혈한다.,- 直刺 0.3～0.8寸,https://www.kmcric.com/database/acupoint/BL/BL35
족태양방광경 (BL),BL37 은문,"넓적다리 뒤쪽면, 넙다리두갈래근(biceps femoris muscle)과 반힘줄모양근(semitendinosus muscle)의 사이,",承扶(BL36)와 委中(BL40)을 연결하는 선의 중점에서 위쪽으로 1寸 지점에서 취혈한다.,"- 直刺 0.5～1.5寸
- 斜刺 1～2寸",https://www.kmcric.com/database/acupoint/BL/BL37
족태양방광경 (BL),BL38 부극,"무릎 뒤쪽면, 넙다리두갈래근힘줄(biceps femoris tendon)의 안쪽모서리 바로 안쪽, 오금주름(popliteal crease)에서 위쪽으로 1寸.","무릎을 살짝 굽혔을 때, 넙다리두갈래근힘줄의 안쪽, 委陽(BL39)에서 몸쪽으로 1寸에서 취혈한다.","- 直刺 0.5～1寸
- 斜刺 1～2寸",https://www.kmcric.com/database/acupoint/BL/BL38
족태양방광경 (BL),BL54 질변,"엉덩이부위, 넷째 뒤엉치뼈구멍(the 4th posterior sacral foramen)과 같은 높이, 뒤정중선(posterior median line)에서 가쪽으로 3寸.","엎드린 자세에서, 엉치뼈틈새(sacral hiatus)에서 가쪽으로 3寸에서 취혈한다.","- 直刺 0.5～1.5寸
- 斜刺 2～3寸
- 생식기질환 치료시는 내측을 향해 45°의 각도로 2～3寸 刺入
- 肛門疾患 치료시는 內下方으로 약 45°의 각도로 2～3寸 刺入",https://www.kmcric.com/database/acupoint/BL/BL54
족태양방광경 (BL),BL55 합양,"종아리 뒤쪽면, 장딴지근(gastrocnemius muscle) 가쪽갈래와 안쪽갈래의 사이에 위치하며, 오금주름(popliteal crease)에서 먼 쪽으로 2寸에 위치함.","오금주름의 가쪽 끝과 가쪽 복사융기를 이은 선을 (또는 오금주름 중점과 委中(BL40)과 아킬레스건 중점을 연결하는 선을) 16촌으로 하여, 委中(BL40)에서 먼 쪽으로 2寸 부위에 취혈한다.","- 0.5～1寸 直刺
- 斜刺 1～2寸",https://www.kmcric.com/database/acupoint/BL/BL55
족태양방광경 (BL),BL56 승근,合陽(BL55)과 承山(BL57)을 연결하는 선의 중점에 해당됨.,"종아리 뒤쪽면, 장딴지근(gastrocnemius muscle) 가쪽갈래와 안쪽갈래의 사이에 위치하며, 오금주름(popliteal crease)에서 먼 쪽으로 5寸에 위치함.","오금주름의 가쪽 끝과 가쪽 복사 융기를 이은 선을 (또는 오금주름 중점, 委中(BL40)과 발꿈치힘줄의 중점을 연결하는 선을) 16촌으로 하여, 委中(BL40)에서 먼 쪽으로 5寸 부위(장딴지근 힘살의 중앙)에 취혈한다.",https://www.kmcric.com/database/acupoint/BL/BL56
족태양방광경 (BL),BL57 승산,"종아리 뒤쪽면, 장딴지근(gastrocnemius muscle)의 두 힘살들과 종아리 뒤쪽면, 장딴지근(gastrocnemius muscle) 가쪽갈래와 안쪽갈래 두 힘살들과 발꿈치힘줄(calcaneal tendon)이 연결되는 오목한 곳에 위치하며, 오금주름(popliteal crease)의 委中(BL40)과 발꿈치힘줄의 중점을 연결하는 선을 16촌으로 하여, 위중에서 먼 쪽으로 8寸 부위에 위치함.","종아리를 쭉 펴거나 발꿈치를 위로 들 때, 장딴지근의 힘살 아래에 나타나는 예리한 각도의 오목한 곳, 즉 장딴지근의 안쪽 갈래와 가쪽 갈래가 “人”자 모양으로 갈라지는 곳에서 취혈한다.","- 0.5～1.5寸 直刺
- 斜刺 1～2寸",https://www.kmcric.com/database/acupoint/BL/BL57
족태양방광경 (BL),BL58 비양,오금주름 (popliteal crease) 위 위중과 가쪽복사 융기(prominence of the lateral malleolus)와 발꿈치힘줄(calcaneal tendon) 사이의 오목한 곳의 곤륜 사이를 16촌으로 정할 때 崑崙(BL60)에서 몸 쪽으로 7寸 부위에 취혈한다.,"종아리 뒤가쪽면, 장딴지근(gastrocnemius m.) 가쪽갈래의 아래모서리와 발꿈치힘줄(calcaneal tendon)의 사이로서, 承山(BL57)에서 가먼쪽 1寸 부위에 해당됨.","오금주름 가쪽 끝과 곤륜崑崙을 16촌으로 정할 때, 崑崙(BL60)에서 몸 쪽으로 7寸 부위에 취혈한다.

Note: BL58 is located 1 B-cun lateral and distal to BL57, proximal to BL60.",https://www.kmcric.com/database/acupoint/BL/BL58
족태양방광경 (BL),BL59 부양,,"종아리 뒤가쪽면, 종아리뼈(fibula)와 발꿈치힘줄(calcaneal tendon)의 사이에 있으며, 오금주름 가쪽 끝과 곤륜 사이를 16촌으로 정할 때, 崑崙(BL60)에서 몸 쪽으로 3寸 부위에 취혈한다.","- 0.3～1寸 直刺
- 斜刺 1～2寸",https://www.kmcric.com/database/acupoint/BL/BL59
족태양방광경 (BL),BL60 곤륜,"발목 뒤가쪽면, 가쪽복사 융기(prominence of the lateral malleolus)와 발꿈치힘줄(calcaneal tendon) 사이의 오목한 곳에 해당됨.",발의 가쪽복사뼈 꼭대기에서 발꿈치힘줄까지 수평하게 그은 연결선 중점에서 취혈한다.,"- 0.3～0.5寸 直刺
- 下肢麻痺 치료시 鍼尖을 太谿(KI3)를 향해 1～1.5寸 透刺
- 임신부에는 자침을 금하는 자리이니 신중을 기해야 함.",https://www.kmcric.com/database/acupoint/BL/BL60
족태양방광경 (BL),BL62 신맥,"발 가쪽면, 가쪽복사 융기(prominence of the lateral malleolus)에서 수직으로 아래쪽, 가쪽복사의 아래모서리와 발꿈치뼈(calcaneus) 사이의 오목한 곳.",가쪽복사 아래모서리의 먼쪽 오목한 곳에서 취혈한다.,"- 直刺 0.2～0.4寸
- 斜刺 0.3～0.5寸 (鍼尖을 下向하여 刺入)",https://www.kmcric.com/database/acupoint/BL/BL62
족태양방광경 (BL),BL63 금문,"발등, 가쪽복사(lateral malleolus) 앞모서리에서 먼 쪽, 다섯째 발허리뼈거친면(tuberosity of the 5th metatarsal bone) 뒤쪽, 입방뼈(cuboid bone) 아래쪽의 오목한 곳.",다섯째 발허리뼈거친면은 대개 발꿈치(heel)와 다섯째 발허리발가락관절(the 5th metatarsophalangeal joint)을 연결하는 선 중간에 위치한다.,"- 直刺 0.3～0.5寸
- 斜刺 0.5～0.7寸",https://www.kmcric.com/database/acupoint/BL/BL63
족태양방광경 (BL),BL64 경골,"발 가쪽면, 다섯째 발허리뼈거친면(tuberosity of the 5th metatarsal bone) 먼 쪽, 赤白肉際.",다섯째 발허리뼈거친면은 대개 발꿈치(heel)와 다섯째 발허리발가락관절(the 5th metatarsophalangeal joint)을 연결하는 선 중간에 위치한다.,"- 直刺 0.3～0.5寸
- 斜刺 0.3～0.5寸 (向內下方)",https://www.kmcric.com/database/acupoint/BL/BL64
족태양방광경 (BL),BL67 지음,"새끼발가락, 끝마디뼈(distal phalanx)의 가쪽, 새끼발톱 가쪽 뿌리각(lateral corner of the toenail)에서 몸 쪽으로 0.1寸.",새끼발톱의 가쪽모서리를 지나는 수직선과 발톱뿌리를 지나는 수평선이 만나는 지점에서 취혈한다.,"- 直刺 0.1～0.2寸
- 斜刺 0.2～0.3寸",https://www.kmcric.com/database/acupoint/BL/BL67
족소양담경 (GB),GB1 동자료,"머리, 가쪽눈구석(outer canthus)에서 가쪽으로 0.5寸 오목한 곳.","눈초리(目外眥) 가쪽 약 0.5寸으로, 눈확가쪽모서리 오목한 곳에서 취혈한다.","- 直刺 0.2～0.3寸
- 斜刺 0.3～0.5寸
- 橫刺 0.5～1寸 (太陽을 향해 刺入)",https://www.kmcric.com/database/acupoint/GB/GB1
족소양담경 (GB),GB2 청회,"얼굴, 귀구슬사이패임(intertragic notch)과 아래턱뼈 관절돌기(condylar process of mandible) 사이의 오목한 곳.","입을 벌리고, 귀구슬사이패임 앞쪽의 오목한 곳에서 취혈한다. 聽宮(SI19)에서 수직으로 아래쪽에 위치한다.","- 直刺 0.3～0.5寸
- 斜刺 0.5～0.7寸
- 입을 벌리고 약간 後斜方으로 1～1.5寸 刺入하기도 한다.",https://www.kmcric.com/database/acupoint/GB/GB2
족소양담경 (GB),GB3 상관,"머리, 광대활(zygomatic arch) 중점 위쪽의 오목한 곳.","광대활 위쪽, 下關(ST7) 위쪽의 오목한 곳에서 취혈한다.","- 直刺 0.2～0.3寸
- 斜刺 0.3～0.5寸",https://www.kmcric.com/database/acupoint/GB/GB3
족소양담경 (GB),GB8 솔곡,"머리, 귓바퀴끝(auricular apex)에서 수직으로 위쪽, 관자놀이 머리카락경계선(temporal hairline)에서 위쪽으로 1.5寸.","角孫(TE20) 위쪽, 髮際(hairline)에서 머리 안쪽으로 1.5寸 지점으로, 음식을 씹을 때 쉽게 촉지된다.","- 直刺 0.2～0.3寸
- 斜刺 0.3～0.5寸 (沿皮刺)",https://www.kmcric.com/database/acupoint/GB/GB8
족소양담경 (GB),GB9 천충,"머리, 귓바퀴뿌리(auricular root) 뒤 모서리에서 수직으로 위쪽, 髮際 (hairline)에서 위쪽으로 2寸.",率谷(GB8)에서 뒤쪽으로 0.5寸 지점에서 취혈한다.,"- 直刺 0.2～0.3寸
- 斜刺 0.3～0.5寸 (沿皮刺)",https://www.kmcric.com/database/acupoint/GB/GB9
족소양담경 (GB),GB10 부백,"머리, 꼭지돌기(mastoid process)의 위뒤쪽, 天衝(GB9)에서 完骨(GB12)을 연결하는 곡선에서 위로부터 1/3과 아래로부터 2/3가 되는 지점.","귓바퀴끝(auricular apex)의 뒤쪽, 髮際(hairline)에서 위쪽으로 1寸이 되는 지점에서 취혈한다.","- 直刺 0.2～0.3寸
- 斜刺 0.3～0.5寸 (沿皮刺)",https://www.kmcric.com/database/acupoint/GB/GB10
족소양담경 (GB),GB13 본신,"머리, 前髮際(anterior hairline)에서 머리 안쪽으로 0.5寸, 앞정중선(anterior median line)에서 가쪽으로 3寸.",神庭(GV24)에서 頭維(ST8)를 연결하는 곡선에서 안쪽으로부터 2/3와 가쪽으로부터 1/3이 되는 지점에서 취혈한다.,"- 直刺 0.2～0.3寸
- 斜刺 0.3～0.5寸 (뒤를 향하여 沿皮刺)",https://www.kmcric.com/database/acupoint/GB/GB13
족소양담경 (GB),GB15 두임읍,"머리, 동공(pupil) 중심에서 수직으로 위쪽, 前髮際(anterior hairline)에서 머리 안쪽으로 0.5寸.","정면을 바라볼 때, 동공 중심에서 위 쪽, 神庭(GV24)에서 頭維(ST8)를 연결하는 곡선의 중점에서 취혈한다.","- 直刺 0.2～0.3寸
- 斜刺 0.3～0.5寸 (위를 향하여 沿皮刺)
- 三稜鍼으로 點刺出血",https://www.kmcric.com/database/acupoint/GB/GB15
족소양담경 (GB),GB23 첩근,"가쪽가슴부위, 넷째 갈비사이공간(the 4th intercostal space), 중간겨드랑선 (midaxillary line)에서 앞쪽으로 1寸.",淵腋(GB22) 앞쪽 1寸에서 취혈한다.,"- 直刺 0.2～0.3寸 (不宜深刺)
- 斜刺 0.3～0.5寸",https://www.kmcric.com/database/acupoint/GB/GB23
족소양담경 (GB),GB24 일월,"앞가슴부위, 일곱째 갈비사이공간(the 7th intercostal space), 앞정중선(anterior median line)에서 가쪽으로 4寸.","젖꼭지(nipple) 중심의 아래쪽, 期門(LR14)으로부터 갈비뼈 하나 아래에서 취혈한다. 여성의 경우, 빗장중간선(midclavicular line)과 일곱째 갈비사이공간이 만나는 지점에서 취혈할 수도 있다.","- 直刺 0.3～0.5寸 (不宜深刺)
- 斜刺 0.3～0.5寸",https://www.kmcric.com/database/acupoint/GB/GB24
족소양담경 (GB),GB25 경문,"옆배, 열두째 갈비뼈끝(free extremity of the 12th rib)의 아래쪽.",옆으로 누워 팔을 머리 위쪽으로 올리고 취혈한다. 열두째 갈비뼈끝은 뒤겨드랑선(posterior axillary line) 뒤 쪽의 갈비뼈활(costal arch) 아래모서리에서 촉지된다.,"- 直刺 0.3～0.5寸 (不宜深刺)
- 斜刺 0.5～1寸",https://www.kmcric.com/database/acupoint/GB/GB25
족소양담경 (GB),GB26 대맥,"옆배, 열한째 갈비뼈끝(free extremity of the 11th rib)의 아래쪽, 배꼽 (umbilicus) 중심과 같은 높이.","먼저 열째 갈비뼈(the 10th rib)를 찾은 후, 갈비뼈활(costal arch)의 아래모서리 바로 밑에서 열한째 갈비뼈끝을 찾아 그 아래에서 취혈한다. 章門(LR13)의 아래쪽, 神闕(CV8)과 같은 높이에서 취혈한다.","- 直刺 0.5～0.8寸
- 斜刺 0.5～1寸",https://www.kmcric.com/database/acupoint/GB/GB26
족소양담경 (GB),GB30 환도,"엉덩이부위, 큰돌기 융기(prominence of the greater trochanter)와 엉치 뼈틈새(sacral hiatus)를 연결하는 선에서 가쪽으로부터 1/3과 안쪽으로부터 2/3가 되는 지점.","옆으로 누워 넓적다리를 올려 엉덩관절을 굽혔을 때, 쉽게 촉지된다.","- 直刺 1～2寸 또는 2～3寸
- 斜刺 1～3寸",https://www.kmcric.com/database/acupoint/GB/GB30
족소양담경 (GB),GB31 풍시,"넓적다리 가쪽면, 양팔을 넓적다리에 나란히 늘어뜨리고 똑바로 섰을 때, 가운데손가락 끝이 닿는 엉덩정강근 막띠(iliotibial band) 뒤쪽의 오목한 곳.","무릎을 약간 굽히고, 저항에 대항하며 엉덩이를 외전시켜, 먼저 엉덩정강근막띠를 찾고, 風市(GB31)를 취혈한다.","- 直刺 0.5～1.5寸
- 斜刺 0.7～1.5寸",https://www.kmcric.com/database/acupoint/GB/GB31
족소양담경 (GB),GB35 양교,"종아리의 종아리뼈쪽면, 종아리뼈(fibula)뒤쪽으로, 가쪽복사 융기(prominence of the lateral malleolus)에서 몸쪽으로 7寸 높이.","오금주름(popliteal crease)의 가쪽끝과 가쪽복사뼈 융기를 연결하는 선을 16촌으로 하여 그 선의 중점에서 먼 쪽으로 1寸과 같은 높이에 취혈하는데, 外丘(GB36)의 뒤쪽에 해당됨.","- 0.3～0.8寸 直刺
- 斜刺 0.5～1寸",https://www.kmcric.com/database/acupoint/GB/GB35
족소양담경 (GB),GB36 외구,"종아리의 종아리뼈쪽면, 종아리뼈(fibula)앞쪽으로, 가쪽복사 융기(prominence of the lateral malleolus)에서 몸 쪽으로 7寸되는 곳임.","오금주름(popliteal crease)의 가쪽끝과 가쪽복사뼈 융기를 연결하는 선을 16촌으로 하여 그 선의 중점에서 먼 쪽으로 1寸되는 곳에 취혈하는데, 양교의 앞쪽에 해당됨.","- 0.3～0.8寸 直刺
- 斜刺 0.5～1.5寸",https://www.kmcric.com/database/acupoint/GB/GB36
족소양담경 (GB),GB40 구허,"발목 앞가쪽면, 긴발가락폄근힘줄(extensor digitorum longus tendon)의 가쪽, 가쪽복사(lateral malleolus)의 앞먼쪽(anterior and distal) 오목한 곳.","둘째부터 다섯째발가락까지를 저항에 대항하면서 펴서, 먼저 긴발가락폄근힘줄을 찾고, 丘墟(GB40)를 취혈한다.","- 直刺 0.3～0.5寸
- 斜刺 0.5～1寸 (足內踝下緣을 향해 刺入)",https://www.kmcric.com/database/acupoint/GB/GB40
족소양담경 (GB),GB44 족규음,"넷째발가락, 끝마디뼈(distal phalanx)의 가쪽, 넷째발톱 가쪽 뿌리각(lateral corner of the toenail)에서 몸 쪽으로 0.1寸.",넷째발톱의 가쪽모서리를 지나는 수직선과 발톱뿌리를 지나는 수평선이 만나는 지점에서 취혈한다.,"- 直刺 0.1～0.2寸
- 斜刺 0.1～0.2寸",https://www.kmcric.com/database/acupoint/GB/GB44
족태음비경 (SP),SP1 은백,"엄지발가락, 끝마디뼈(distal phalanx) 안쪽, 엄지발톱 안쪽 뿌리각(medial corner of the toenail)에서 몸 안쪽으로 1分(0.1寸).",엄지발톱의 안쪽 모서리를 지나는 수직선과 발톱뿌리를 지나는 수평선이 만나는 지점에서 취혈한다.,"- 直刺 0.1～0.2寸
- 斜刺 0.1～0.3寸 (鍼尖을 上向하여 刺入)
- 三稜鍼으로 點刺出血",https://www.kmcric.com/database/acupoint/SP/SP1
족태음비경 (SP),SP4 공손,"발 안쪽면, 첫째 발허리뼈바닥(base of the 1st metatarsal bone)의 아래앞쪽, 赤白肉際.","손가락을 太白(SP3)에서부터 몸 쪽으로 움직이면, 첫째 발허리뼈바닥 먼 쪽에서 촉지되는 오목한 곳에서 취혈한다.","- 直刺 0.5～1寸
- 斜刺 1～1.5寸
- 湧泉을 향해 1.5～2寸 透刺",https://www.kmcric.com/database/acupoint/SP/SP4
족태음비경 (SP),SP5 상구,"발 안쪽면, 안쪽복사(medial malleolus) 아래앞쪽, 발배뼈거친면(tuberosity of the navicular bone)과 안쪽복사 융기(prominence of the medial malleolus)를 연결하는 선 중간의 오목한 곳이며, 中封(LR4)의 뒤쪽, 照海(KI6)의 앞쪽에 위치한다.",안쪽복사 앞모서리를 지나는 수직선과 아래모서리를 지나는 수평선이 만나는 지점에서 취혈한다.,"- 0.3～0.5寸 直刺를 하거나
- 鍼尖을 解谿(ST41)를 향해 1～1.5寸 橫刺",https://www.kmcric.com/database/acupoint/SP/SP5
족태음비경 (SP),SP7 누곡,"종아리 정강뼈면, 정강뼈 안쪽모서리(medial border of the tibia) 뒤쪽에 해당되며, 안쪽복사 융기(prominence of the medial malleolus)에서 음릉천까지 13촌으로 정했을 때 안쪽복사융기에서 위로 6寸 부위에 취혈함.",三陰交(SP6)에서 위쪽으로 3寸지점에 해당됨.,"- 0.5～1寸 直刺
- 斜刺 1～1.5寸",https://www.kmcric.com/database/acupoint/SP/SP7
족태음비경 (SP),SP9 음릉천,"종아리 정강뼈면, 정강뼈 안쪽관절융기 아래모서리와 정강뼈 안쪽모서리(medial border of the tibia) 사이의 오목한 곳.",손가락을 정강뼈 안쪽모서리를 따라서 몸 쪽으로 움직이면 무릎관절 아래에 오목한 곳이 느껴진다. 정강뼈 안쪽관절융기의 아래모서리와 정강뼈 뒤모서리로 이루어진 각의 오목한 곳에서 취혈한다.,"- 直刺 0.5～1寸
- 斜刺 1～1.5寸
- 陽陵泉(GB34)으로 透刺하기도 한다.",https://www.kmcric.com/database/acupoint/SP/SP9
족태음비경 (SP),SP10 혈해,"넓적다리 앞 안쪽면, 안쪽넓은근(vastus medialis muscle)이 튀어나온 곳으로, 무릎뼈바닥(base of the patella) 안쪽 끝에서 위쪽으로 2寸 부위에 해당됨.","환자로 하여금 바르게 앉아 무릎을 굽히게 하고, 의사의 손바닥을 환자 무릎에 올려 손바닥을 무릎뼈꼭지 끝에 대고, 엄지손가락과 검지손가락이 이루는 각이 45°가 되도록 벌려서, 엄지손가락을 넓적다리 안쪽으로 향하게 하여 무릎뼈를 감싸듯이 손을 내렸을 때, 엄지손가락 끝이 닿는 곳에서 취혈한다.","- 0.5～0.8寸 直刺
- 斜刺 1～1.5寸",https://www.kmcric.com/database/acupoint/SP/SP10
족태음비경 (SP),SP12 충문,"샅부위(groin region), 샅고랑 주름(inguinal crease) 위, 넙다리동맥(femoral artery)의 가쪽.","曲骨(CV2)과 같은 높이, 府舍(SP13)의 아래안쪽에서 취혈한다.","- 直刺 0.5～0.7寸 (動脈을 피하여 刺鍼)
- 斜刺 0.5～1寸",https://www.kmcric.com/database/acupoint/SP/SP12
족태음비경 (SP),SP21 대포,"가쪽가슴부위, 여섯째 갈비사이공간(the 6th intercostal space), 중간겨드랑선(midaxillary line) 위.","옆으로 누워 팔을 외전시켰을 때, 중간겨드랑선과 여섯째 갈비사이공간이 만나는 곳에서 취혈한다.","- 直刺 0.2～0.3寸 (不宜深刺)
- 斜刺 0.3～0.4寸",https://www.kmcric.com/database/acupoint/SP/SP21
족소음신경 (KI),KI1 용천,"발바닥 부위로서, 발가락을 굽혔을 때, 발바닥의 가장 오목한 곳에 해당됨.","발가락을 굽혔을 때, 둘째와 셋째 발가락 (the 2nd and 3rd toes) 사이의 발샅 가장자리(web margin)와 발꿈치(heel)를 연결하는 선을 3등분 했을 때, 앞쪽 1/3지점의 오목한 곳에서 취혈한다.",- 0.3～0.5寸 直刺,https://www.kmcric.com/database/acupoint/KI/KI1
족소음신경 (KI),KI2 연곡,"발 안쪽면, 발배뼈거친면(tuberosity of the navicular bone) 아래쪽, 赤白肉際에 해당됨.","발안쪽복사의 앞아래 부위, 발배뼈 아래 오목한 곳에서 취혈한다.","- 0.3～0.5寸 直刺
- 斜刺 0.5～1寸",https://www.kmcric.com/database/acupoint/KI/KI2
족소음신경 (KI),KI6 조해,※ 照海(KI16)에 상응하여 가쪽에는 申脈(BL62)이 있음.,"발 안쪽면에 있으며, 안쪽복사 융기(prominence of the medial malleolus)에서 아래쪽으로 1寸, 안쪽복사 바로 아래 오목한 곳에 취혈함.","- 0.3～0.5寸 直刺
- 斜刺 0.5～1寸",https://www.kmcric.com/database/acupoint/KI/KI6
족소음신경 (KI),KI7 부류,"종아리 뒤안쪽면, 발꿈치힘줄(calcaneal tendon) 앞쪽, 안쪽복사 융기(prominence of the medial malleolus)에서 위쪽으로 2寸 부위에 해당됨.","종아리 뒤 안쪽면, 발꿈치힘줄(calcaneal tendon)의 앞쪽이며, 태계에서 위쪽으로 2寸 부위에 해당됨.","太谿(KI3)에서 음릉천과 연결한 선을 13촌으로 했을 때, 태계 바로 위쪽 2촌 부위이며, 交信(KI8)에서 0.5촌 뒤쪽에 취혈한다.

Note: At the same level and posterior to KI8.",https://www.kmcric.com/database/acupoint/KI/KI7
족소음신경 (KI),KI8 교신,"종아리 안쪽면, 정강뼈 안쪽모서리(medial border of the tibia)의 뒤쪽, 안쪽복사 융기(prominence of the medial malleolus) 와 음릉천을 연결한 선을 13촌으로 정하여 위쪽으로 2寸 오목한 곳에 해당됨.","안쪽복사 융기(prominence of the medial malleolus) 위쪽 2촌 부위이며, 復溜(KI7)의 앞쪽 0.5寸 부위에 취혈한다.","- 0.3～0.5寸 直刺
- 斜刺 0.5～1寸",https://www.kmcric.com/database/acupoint/KI/KI8
족소음신경 (KI),KI9 축빈,"종아리 뒤안쪽면, 가자미근(soleus muscle)과 발꿈치힘줄(calcaneal tendon)사이로서, 안쪽복사 융기(prominence of the medial malleolus) 위쪽으로 5寸 높이에 해당됨.","무릎을 굽히고, 발바닥쪽으로 발을 굽힌채 종아리를 뻗으면, 정강뼈 안쪽모서리(medial border of the tibia)를 따라 가자미근이 현저하게 드러나는 곳이며, 太谿(KI3)와 음릉천을 연결하는 선을 13촌으로 하여 태계 위 5촌 부위, 족궐음간경 蠡溝(LR5)와 같은 높이에서 취혈한다.","- 0.3～0.8寸 直刺
- 斜刺 1～2寸",https://www.kmcric.com/database/acupoint/KI/KI9
족소음신경 (KI),KI11 횡골,"아랫배, 배꼽(umbilicus) 중심에서 아래 쪽으로 5寸, 앞정중선(anterior median line)에서 가쪽으로 0.5寸.",曲骨(CV2)에서 가쪽으로 0.5寸에서 취혈한다.,"- 直刺 0.5～0.8寸
- 斜刺 0.5～1寸",https://www.kmcric.com/database/acupoint/KI/KI11
족소음신경 (KI),KI12 대혁,"아랫배, 배꼽(umbilicus) 중심에서 아래쪽으로 4寸, 앞정중선(anterior median line)에서 가쪽으로 0.5寸.",中極(CV3)에서 가쪽으로 0.5寸에서 취혈한다.,"- 直刺 0.5～0.8寸
- 斜刺 0.5～1寸",https://www.kmcric.com/database/acupoint/KI/KI12
족소음신경 (KI),KI13 기혈,"아랫배, 배꼽(umbilicus) 중심에서 아래 쪽으로 3寸, 앞정중선(anterior median line)에서 가쪽으로 0.5寸.",關元(CV4)에서 가쪽으로 0.5寸에서 취혈한다.,"- 直刺 0.5～1寸
- 斜刺 0.5～1寸",https://www.kmcric.com/database/acupoint/KI/KI13
족소음신경 (KI),KI14 사만,"아랫배, 배꼽(umbilicus) 중심에서 아래 쪽으로 2寸, 앞정중선(anterior median line)에서 가쪽으로 0.5寸.",石門(CV5)에서 가쪽으로 0.5寸에서 취혈한다.,"- 直刺 0.5～1寸
- 斜刺 0.5～1寸",https://www.kmcric.com/database/acupoint/KI/KI14
족소음신경 (KI),KI15 중주,"아랫배, 배꼽(umbilicus) 중심에서 아래 쪽으로 1寸, 앞정중선(anterior median line)에서 가쪽으로 0.5寸.",陰交(CV7)에서 가쪽으로 0.5寸에서 취혈한다.,"- 直刺 0.5～1寸
- 斜刺 0.5～1寸",https://www.kmcric.com/database/acupoint/KI/KI15
족소음신경 (KI),KI16 황수,"윗배, 배꼽(umbilicus)의 중심에서 가쪽으로 0.5寸.",神闕(CV8) 가쪽 0.5寸에서 취혈한다.,"- 直刺 0.5～1寸
- 斜刺 0.5～1寸",https://www.kmcric.com/database/acupoint/KI/KI16
족소음신경 (KI),KI17 상곡,"윗배, 배꼽(umbilicus)의 중심에서 위로 2寸, 앞정중선(anterior median line)에서 가쪽으로 0.5寸.",下脘(CV10) 가쪽 0.5寸에서 취혈한다.,"- 直刺 0.5～1寸
- 斜刺 0.5～1寸",https://www.kmcric.com/database/acupoint/KI/KI17
족소음신경 (KI),KI18 석관,"윗배, 배꼽(umbilicus)의 중심에서 위쪽으로 3寸, 앞정중선(anterior median line)에서 가쪽으로 0.5寸.",建里(CV11) 가쪽 0.5寸에서 취혈한다.,"- 直刺 0.5～1寸
- 斜刺 0.5～1寸",https://www.kmcric.com/database/acupoint/KI/KI18
족소음신경 (KI),KI19 음도,"윗배, 배꼽(umbilicus) 중심에서 위쪽으로 4寸, 앞정중선(anterior median line)에서 가쪽으로 0.5寸.",中脘(CV12) 가쪽 0.5寸에서 취혈한다.,"- 直刺 0.5～1寸
- 斜刺 0.5～1寸",https://www.kmcric.com/database/acupoint/KI/KI19
족소음신경 (KI),KI20 복통곡,"윗배, 배꼽(umbilicus) 중심에서 위쪽으로 5寸, 앞정중선(anterior median line)에서 가쪽으로 0.5寸.",上脘(CV13) 가쪽 0.5寸에서 취혈한다.,"- 直刺 0.3～0.8寸
- 斜刺 0.5～1寸",https://www.kmcric.com/database/acupoint/KI/KI20
족소음신경 (KI),KI21 유문,"윗배, 배꼽(umbilicus) 중심에서 위쪽으로 6寸, 앞정중선(anterior median line)에서 가쪽으로 0.5寸.",巨闕(CV14) 가쪽 0.5寸에서 취혈한다.,"- 直刺 0.3～0.7寸 (禁深刺)
- 斜刺 0.3～0.8寸",https://www.kmcric.com/database/acupoint/KI/KI21
족소음신경 (KI),KI22 보랑,"앞가슴부위, 다섯째 갈비사이공간(the 5th intercostal space), 앞정중선(anterior median line)에서 가쪽으로 2寸.",中庭(CV16)과 乳根(ST18)의 연결선 중점에서 취혈한다.,"- 直刺 0.2～0.3寸
- 斜刺 0.3～0.5寸",https://www.kmcric.com/database/acupoint/KI/KI22
족소음신경 (KI),KI23 신봉,"앞가슴부위, 넷째 갈비사이공간(the 4th intercostal space), 앞정중선(anterior median line)에서 가쪽으로 2寸.",남자는 乳頭와 膻中(CV17)의 연결선 중점에서 취혈한다.,"- 直刺 0.2～0.4寸
- 斜刺 0.3～0.5寸",https://www.kmcric.com/database/acupoint/KI/KI23
족소음신경 (KI),KI24 영허,"앞가슴부위, 셋째 갈비사이공간(the 3rd intercostal space), 앞정중선(anterior median line)에서 가쪽으로 2寸.",玉堂(CV18)과 膺窓(ST16)의 연결선 중점에서 취혈한다.,"- 直刺 0.2～0.4寸 (不可深刺)
- 斜刺 0.3～0.5寸",https://www.kmcric.com/database/acupoint/KI/KI24
족소음신경 (KI),KI25 신장,"앞가슴부위, 둘째 갈비사이공간(the 2nd intercostal space), 앞정중선(anterior median line)에서 가쪽으로 2寸.",紫宮(CV19)과 屋翳(ST15)의 중간 지점에서 취혈한다.,"- 直刺 0.3～0.4寸 (不可深刺)
- 斜刺 0.3～0.5寸",https://www.kmcric.com/database/acupoint/KI/KI25
족소음신경 (KI),KI26 욱중,"앞가슴부위, 첫째 갈비사이공간(the 1st intercostal space), 앞정중선(anterior median line)에서 가쪽으로 2寸.",華蓋(CV20)와 庫房(ST14)의 중간 지점에서 취혈한다.,"- 直刺 0.2～0.4寸 (不可深刺)
- 斜刺 0.3～0.5寸",https://www.kmcric.com/database/acupoint/KI/KI26
족소음신경 (KI),KI27 수부,"앞가슴부위, 빗장뼈(clavicle) 바로 아래쪽, 앞정중선(anterior median line)에서 가쪽으로 2寸.",璇璣(CV21)와 氣戶(ST13)의 중간 지점에서 취혈한다.,"- 直刺 0.2～0.4寸 (不可深刺)
- 斜刺 0.3～0.5寸",https://www.kmcric.com/database/acupoint/KI/KI27
족궐음간경 (LR),LR1 대돈,"엄지발가락, 끝마디뼈(distal phalanx)의 가쪽, 엄지발톱 가쪽 뿌리각(lateral corner of the toenail)에서 몸 쪽으로 0.1寸.",엄지발톱의 가쪽모서리를 지나는 수직선과 발톱뿌리를 지나는 수평선이 만나는 지점에서 취혈한다.,"- 直刺 0.1～0.2寸
- 斜刺 0.1～0.2寸
- 三稜鍼으로 點刺出血",https://www.kmcric.com/database/acupoint/LR/LR1
족궐음간경 (LR),LR3 태충,"발등, 첫째와 둘째 발허리뼈(the 1st and 2nd metatarsal bones) 사이, 두발허리뼈의 바닥 연접부에서 먼 쪽 오목한 곳, 발등동맥(dorsalis pedis artery)이 뛰는 곳.",손가락을 行間(LR2)에서부터 첫째와 둘째 발허리뼈 사이로 그 바닥을 향하여 몸 쪽으로 움직일 때 촉지되는 오목한 곳에서 취혈한다.,"- 直刺 0.3～0.5寸
- 斜刺 1～1.5寸
- 湧泉(KI1)으로 透刺하기도 함.",https://www.kmcric.com/database/acupoint/LR/LR3
족궐음간경 (LR),LR9 음포,"넓적다리 안쪽면, 두덩정강근(gracilis muscle)과 넙다리빗근(sartorius muscle)의 사이, 무릎뼈 바닥(base of the patella)에서 몸쪽으로 4寸.","근육에 긴장을 준 상태에서 엉덩이를 살짝 굽혀 외전하면, 넙다리빗근이 현저하게 드러난다. 넙다리빗근 뒤쪽에서 취혈한다.","- 直刺 0.5～0.7寸
- 斜刺 1.5～2寸",https://www.kmcric.com/database/acupoint/LR/LR9
족궐음간경 (LR),LR11 음렴,"넓적다리 안쪽면, 氣衝(ST30)에서 먼쪽으로 2寸.","엉덩이를 약간 굽혀 외전하고, 무릎을 굽힌 상태에서 저항에 대항하여 넓적다리를 내전시키면, 긴모음근(adductor longus muscle)이 현저하게 드러난다. 긴모음근의 가쪽에서 취혈한다.","- 直刺 0.3～0.7寸
- 斜刺 0.5～1寸",https://www.kmcric.com/database/acupoint/LR/LR11
족궐음간경 (LR),LR13 장문,"옆배, 열한째 갈비뼈끝(free extremity of the 11th rib)의 아래쪽.","옆으로 누워 팔을 머리 위쪽으로 올린 자세에서 취혈한다. 먼저 열째 갈비뼈 (the 10th rib)를 찾은 후, 갈비뼈활(costal arch) 아래모서리 바로 밑에서 열한째 갈비뼈끝을 찾아 취혈한다.","- 直刺 0.5～0.8寸 (不宜深刺)
- 斜刺 0.8～1寸",https://www.kmcric.com/database/acupoint/LR/LR13
족궐음간경 (LR),LR14 기문,"앞가슴부위, 여섯째 갈비사이공간(the 6th intercostal space), 앞정중선(anterior median line)에서 가쪽으로 4寸.","젖꼭지(nipple) 중심에서 아래쪽, 不容(ST19)에서 가쪽으로 2寸에서 취혈한다. 여성의 경우, 빗장중간선(midclavicular line)과 여섯째 갈비사이공간이 만나는 지점에서 취혈하기도 한다.","- 直刺 0.2～0.3寸 (不宜深刺)
- 斜刺 0.5～0.8寸
- 주의 : 深刺하면 안 된다. 本穴의 右側은 肝臟, 左側은 脾下方에 있어, 모두 위쪽으로 深刺할 수 없다. 病人의 肌肉의 厚薄에 따라 손으로 완만히 눌러 刺入하고 “候氣爲先, 得氣爲度”에 도달하면 그친다.",https://www.kmcric.com/database/acupoint/LR/LR14
독맥 (GV),GV1 장강,"회음부위(perineal region), 꼬리뼈(coccyx) 아래쪽, 꼬리뼈끝과 항문(anus)을 연결하는 선의 중점.",무릎을 꿇고 엎드리거나 혹은 무릎을 가슴에 대고 취혈한다.,"- 直刺 0.3～0.5寸
- 斜刺 1～1.5寸 (上方으로 향하여 尾骨과 直腸사이를 平行으로 刺入)",https://www.kmcric.com/database/acupoint/GV/GV1
독맥 (GV),GV2 요수,"엉치부위, 뒤정중선(posterior median line) 위, 엉치뼈틈새(sacral hiatus).",엉치뼈틈새는 항문(anus) 바로 위쪽에서 작고 오목하게 촉지된다.,"- 直刺 0.3～0.5寸
- 斜刺 0.5～1寸 (위로 향해)",https://www.kmcric.com/database/acupoint/GV/GV2
독맥 (GV),GV3 요양관,"허리부위, 뒤정중선(posterior median line) 위, 넷째 허리뼈 가시돌기(spinous process of the 4th lumbar vertebra) 아래쪽 오목한 곳.","먼저 양쪽 엉덩뼈능선(iliac crest)의 가장 높은 지점을 연결하는 선의 중점에서 넷째 허리뼈 가시돌기를 찾고, 그 아래쪽 오목한 곳에서 취혈한다.","- 直刺 0.3～0.5寸
- 斜刺 0.5～1寸 (약간 上向)",https://www.kmcric.com/database/acupoint/GV/GV3
독맥 (GV),GV9 지양,"위쪽 등부위, 뒤정중선(posterior median line) 위, 일곱째 등뼈 가시돌기(spinous process of the 7th thoracic vertebra) 아래쪽 오목한 곳.",양쪽 어깨뼈 아래각(inferior angle of the scapula) 아래모서리를 지나는 수평선과 뒤정중선(posterior median line)이 만나는 지점이 일곱째 등뼈(the 7th thoracic vertebra)가 된다. 그 가시돌기 아래쪽 오목한 곳에서 취혈한다.,"- 直刺 0.3～0.5寸
- 斜刺 0.7～1寸 (약간 上向)",https://www.kmcric.com/database/acupoint/GV/GV9
독맥 (GV),GV12 신주,"위쪽 등부위, 뒤정중선(posterior median line) 위, 셋째 등뼈 가시돌기(spinous process of the 3rd thoracic vertebra) 아래쪽 오목한 곳.",어깨뼈가시(spine of the scapula) 안쪽끝을 지나는 수평선과 뒤정중선(posterior median line)이 만나는 지점이 셋째 등뼈(the 3th thoracic vertebra)가 된다. 그 가시돌기 아래쪽 오목한 곳에서 취혈한다.,"- 直刺 0.3～0.5寸
- 斜刺 0.5～1寸 (鍼尖을 약간 上向하여 刺入)",https://www.kmcric.com/database/acupoint/GV/GV12
독맥 (GV),GV14 대추,"목 뒤부위, 뒤정중선(posterior median line) 위, 일곱째 목뼈 가시돌기(spinous process of the 7th cervical vertebra) 아래쪽 오목한 곳.","앉은 상태에서 목에 힘을 빼고 고개를 숙이면, 목 뒤쪽면에서 가장 높이 튀어 나온 곳이 일곱째 목뼈 가시돌기이다. 목을 약간 숙인 상태에서 머리를 좌우로 돌리면 등뼈는 움직이지 않고, 목뼈는 움직인다. 일곱째목뼈가시돌기 아래쪽 오목한 곳에서 취혈한다.","- 直刺 0.3～0.5寸
- 斜刺 0.5～1寸 (약간 上向)",https://www.kmcric.com/database/acupoint/GV/GV14
독맥 (GV),GV15 아문,"목 뒤부위, 뒤정중선(posterior median line), 둘째 목뼈 가시돌기(spinous process of the 2nd cervical vertebra)","風府(GV16)를 먼저 취혈하고, 風府(GV16) 아래쪽 0.5寸에서 취혈한다.","- 直刺 0.3～0.5寸
- 斜刺 0.5～1寸 (口部와 耳垂의 水平位를 기준으로 刺入)
- 不宜深刺 (深部에 延髓가 있으므로 不可深刺)",https://www.kmcric.com/database/acupoint/GV/GV15
독맥 (GV),GV16 풍부,"목 뒤부위, 바깥뒤통수뼈융기(external occipital protuberance)에서 수직으로 아래쪽, 양쪽 등세모근(trapezius muscle) 사이의 오목한 곳.","앉은 상태에서 머리를 약간 뒤로 젖히고, 등세모근의 힘을 뺀 자세에서, 後髮際(posterior hairline)의 중점에서 뒤통수뼈(occipital bone)를 향해 손가락을 움직여 오목한 곳에서 취혈한다.","- 直刺 0.3～0.5寸
- 斜刺 0.5～0.8寸
- 不宜深刺 (深部에 延髓가 있으므로 不可深刺)",https://www.kmcric.com/database/acupoint/GV/GV16
독맥 (GV),GV24 신정,"머리, 앞정중선(anterior median line) 위, 前髮際(anterior hairline)에서 위쪽으로 0.5寸.",前髮際가 뚜렷하지 않을 때에는 양쪽 눈썹 안쪽끝(medial ends of the eyebrows) 사이의 중점에서 위쪽으로 3.5寸이 되는 지점에서 취혈한다.,"- 直刺 0.2～0.3寸
- 斜刺 0.5～0.8寸 (鍼尖을 沿皮하여 刺入)",https://www.kmcric.com/database/acupoint/GV/GV24
독맥 (GV),GV27 태단,"얼굴, 윗입술결절(tubercle of the upper lip)의 중점.",인중 고랑 아랫부분과 붉은 입술이 이루는 경계선의 중점에서 취혈한다.,"- 直刺 0.1～0.3寸
- 斜刺 0.2～0.3寸",https://www.kmcric.com/database/acupoint/GV/GV27
독맥 (GV),GV28 은교,"얼굴, 위입술주름띠(frenulum of the upper lip)와 위잇몸(upper gum)이 만나는 지점.","앉은 자세에서 머리를 젖히고 위입술을 들어올려, 위입술주름띠와 위잇몸이 만나는 지점에서 취혈한다.","- 直刺 0.1～0.2寸
- 斜刺 0.1～0.3寸 (鍼尖을 上向하여 刺入)
- 三稜鍼으로 點刺出血",https://www.kmcric.com/database/acupoint/GV/GV28
임맥 (CV),CV1 회음,"회음부위(perineal region), 남성은 항문(anus)과 음낭 뒤모서리(posterior border of the scrotum)를 연결하는 선의 중점, 여성은 항문(anus)과 뒤 대음순연결(posterior commissure of labium majoris)을 연결하는 선의 중점.","옆으로 눕거나, 무릎을 굽혀서 가슴에 댄 자세에서, 항문과 생식기 사이의 중점에서 취혈한다.","- 直刺 0.3～1寸 (鍼灸甲乙經 : 2寸)
- 禁鍼 (鍼灸大成)",https://www.kmcric.com/database/acupoint/CV/CV1
임맥 (CV),CV12 중완,"윗배, 앞정중선(anterior median line) 위, 배꼽(umbilicus) 중심에서 위쪽으로 4寸.",배꼽과 칼몸통결합(xiphisternal junction)을 연결하는 선의 중점에서 취혈한다.,"- 直刺 0.5～1寸
- 斜刺 1～1.5寸 (兩側 前下方으로 주위의 穴을 향해 斜刺할 수 있다)",https://www.kmcric.com/database/acupoint/CV/CV12
임맥 (CV),CV17 단중,"앞가슴부위, 앞정중선(anterior median line) 위, 넷째 갈비사이공간(the 4th intercostal space)과 같은 높이.",남성은 양쪽 젖꼭지를 연결하는 선의 중점에서 취혈하기도 한다.,"- 直刺 0.3～0.5寸
- 斜刺 0.5～1寸 (向下 혹은 兩乳房을 향해 皮下를 沿해 刺入)
- 禁鍼 (明堂)",https://www.kmcric.com/database/acupoint/CV/CV17
임맥 (CV),CV22 천돌,"목앞부위, 앞정중선(anterior median line) 위, 목아래패임(suprasternal fossa)의 중심.",양쪽 빗장뼈(clavicle)의 안쪽끝 사이의 중점 오목한 곳에서 취혈한다.,"- 橫刺 : 먼저 直刺로 0.2～0.3寸 刺入한 후 다시 아래로 향해 橫刺로 바꾸어 胸骨柄 後 氣管 前緣을 沿해서 0.7～1寸 刺入
- 直刺 0.3～0.5寸 (深刺하여 氣管을 刺傷하지 말아야 한다)",https://www.kmcric.com/database/acupoint/CV/CV22
임맥 (CV),CV23 염천,"목 앞부위, 앞정중선(anterior median line) 위, 방패연골(thyroid cartilage) 위모서리 위쪽, 목뿔뼈(hyoid bone) 위쪽의 오목한 곳.","머리를 약간 뒤로 젖히면, 방패연골(thyroid cartilage)과 아래턱뼈(mandible) 사이에서 목뿔뼈결절(hyoid tubercle)이 촉지되는데, 목뿔뼈 위쪽의 오목한 곳에서 취혈한다.","- 直刺 0.2～0.3寸
- 斜刺 0.5～1寸 (약간 上方으로 舌根部를 향해 刺入)",https://www.kmcric.com/database/acupoint/CV/CV23
경외기혈 (EX),EX-HN1 사신총,百會(GV20)에서 前後左右 各 1寸에 위치하는 4개의 穴.,"바르게 앉아서 머리를 들고 먼저 百會를 取한 다음, 百會에서 前後左右의 各 1寸 거리에 있는 4개의 穴을 취혈한다.",- 橫刺 0.5～0.8寸,https://www.kmcric.com/database/acupoint/EX/EX-HN1
경외기혈 (EX),EX-HN2 당양,"머리 앞부분, 동공 바로 위 髮際에서 1寸 올라간 부위.","눈은 정면을 바라보고, 동공 바로 위 髮際에서 1寸 올라간 부위에서 취혈한다. 頭臨泣(GB15)에서 위로 0,5寸에 위치한다.",- 橫刺 0.5～0.8寸,https://www.kmcric.com/database/acupoint/EX/EX-HN2
경외기혈 (EX),EX-HN3 인당,이마에서 두 눈썹 사이.,이마에서 두 눈썹 사이의 오목한 곳을 취혈한다.,"- 橫刺 0.3～0.5寸
- 三稜鍼으로 點刺出血.",https://www.kmcric.com/database/acupoint/EX/EX-HN3
경외기혈 (EX),EX-HN4 어요,"머리의 이마부위(frontal region), 동공(pupil) 바로 위의 눈썹 중앙 부위.","앞을 똑바로 바라보고, 동공(pupil) 바로 위의 눈썹 중앙 부위에서 취혈한다.",- 橫刺 0.3～0.5寸,https://www.kmcric.com/database/acupoint/EX/EX-HN4
경외기혈 (EX),EX-HN6 이첨,귀의 꼭대기.,귀를 접어서 그 꼭대기가 頭皮에 닿는 곳에 취혈한다.,"- 直刺 0.1～0.2寸
- 三稜鍼으로 點刺出血",https://www.kmcric.com/database/acupoint/EX/EX-HN6
경외기혈 (EX),EX-HN10 취천,舌의 背側 정중선의 중점.,혀를 내밀어서 背側面 정중선의 중점에서 취혈한다.,"- 直刺 0.1～0.2寸
- 舌强, 舌苔에는 點刺出血",https://www.kmcric.com/database/acupoint/EX/EX-HN10
경외기혈 (EX),EX-HN11 해천,舌下 系帶의 중점.,혀를 위로 말아서 舌系帶 중점의 靜脈部位에서 취혈한다.,"- 直刺 0.1～0.2寸
- 舌强, 舌苔에는 點刺出血",https://www.kmcric.com/database/acupoint/EX/EX-HN11
경외기혈 (EX),EX-HN12 금진,"舌下의 舌系帶 兩側 靜脈部位로, 左側을 金津, 右側을 玉液이라 한다.","혀를 위로 말아서 舌下의 舌系帶 兩側 靜脈에서 左側을 金津, 右側을 玉液으로 취혈한다.",- 點刺出血,https://www.kmcric.com/database/acupoint/EX/EX-HN12
경회기혈 (EX),EX-HN13 옥액,"舌下의 舌系帶 兩側 靜脈部位로, 左側을 金津, 右側을 玉液이라 한다.","혀를 위로 말아서 舌下의 舌系帶 兩側 靜脈에서 左側을 金津, 右側을 玉液으로 취혈한다.",- 點刺出血,https://www.kmcric.com/database/acupoint/EX/EX-HN13
경외기혈 (EX),EX-CA1 자궁,"아랫배부위(hypogastric region), 배꼽 (umbilicus) 아래 4寸, 앞정중선(anterior median line) 가쪽으로 3寸.",中極(CV3) 가쪽 3寸에서 취혈한다.,直刺 1～1.5寸,https://www.kmcric.com/database/acupoint/EX/EX-CA1
경외기혈 (EX),EX-B1 정천,일곱째목뼈가시돌기 아래에서 가쪽으로 0.5寸.,大椎(GV14) 가쪽 0.5寸에서 취혈한다.,- 直刺 0.5～1寸,https://www.kmcric.com/database/acupoint/EX/EX-B1
경외기혈 (EX),EX-B3 위완하수,"등 부분(back region), 여덟째등뼈 가시돌기 아래에서 가쪽 1.5寸.",여덟째등뼈 가시돌기 아래에서 가쪽 1.5寸에서 취혈한다. 膈兪(BL17)와 肝兪(BL18)의 중간지점에 해당한다.,- 斜刺 0.3～0.5寸,https://www.kmcric.com/database/acupoint/EX/EX-B3
경외기혈 (EX),EX-B5 하극수,"등의 척주부위(vertebral region), 뒤 정중선(posterior median line) 상에서 셋째 허리뼈(the 3rd lumbar vertebra)","腰陽關(GV3)에서 위로 한 개의 가시돌기를 지나, 위쪽의 오목한 곳이다. 氣海兪(BL24)와 같은 높이에 있다.",- 直刺 0.5～1寸,https://www.kmcric.com/database/acupoint/EX/EX-B5
경외기혈 (EX),EX-B6 요의,"등의 척주부위(vertebral region), 넷째 허리뼈(the 4th lumbar vertebra)의 가시돌기(spinous process) 아래에서 가쪽 3寸 부위.",腰陽關(GV3) 가쪽 3寸에서 취혈한다. 大腸兪(BL25)와 같은 높이에 있다.,- 直刺 0.3～1寸,https://www.kmcric.com/database/acupoint/EX/EX-B6
경외기혈 (EX),EX-B8 십칠추,"등의 척주부위(vertebral region of back), 다섯째 허리뼈(the 5th lumbar vertebra)의 가시돌기 아래 오목한 곳.",腰陽關(GV3)에서 척추 가시돌기 하나만큼 아래로 내려와서 취혈한다.,- 直刺 0.5～1寸,https://www.kmcric.com/database/acupoint/EX/EX-B8
경외기혈 (EX),EX-B9 요기,"등의 엉치부위(sacral region of back), 尾骨尖에서 위로 2寸.",꼬리뼈 끝에서 위로 2寸 지점에서 취혈한다. 엉치뼈의 둘째와 셋째 가시돌기 사이에 해당한다.,"- 0.3寸 直刺한 후, 위로 향하여 2～2.5寸 정도 橫刺한다. 酸麻感이 위로 확산되면 30분간 留鍼한다.",https://www.kmcric.com/database/acupoint/EX/EX-B9
경외기혈 (EX),EX-UE1 주첨,"위팔의 뒷면(post. part of arm), 자뼈팔꿈치머리에서 뾰족하게 튀어나온 곳.","팔을 굽혔을 때, 팔꿈치 끝에서 뾰족하게 튀어나온 지점을 취혈한다.",- 艾炷灸 3～7壯,https://www.kmcric.com/database/acupoint/EX/EX-UE1
경외기혈 (EX),EX-UE3 중천,"손등쪽 손목주름(the dorsal wrist crease) 위, 陽谿(LI5)와 陽池(TE4)의 중간지점.","손바닥을 아래로 하고, 陽谿(LI5)와 陽池(TE4)의 중간지점의 오목한 곳에서 취혈한다.",- 直刺 0.3～0.5寸,https://www.kmcric.com/database/acupoint/EX/EX-UE3
경외기혈 (EX),EX-UE4 중괴,가운데손가락의 몸쪽손가락뼈사이관절(proximal interphalangeal joint)에서 등쪽 중앙지점.,"손가락을 굽히고, 가운데손가락의 몸쪽손가락뼈사이관절(proximal interphalangeal joint)에서 등쪽 중앙을 취혈한다.",- 艾炷灸 3～7壯,https://www.kmcric.com/database/acupoint/EX/EX-UE4
경외기혈 (EX),EX-UE5 대골공,엄지손가락의 손가락뼈사이관절(interphalangeal joint)의 배측면의 중앙.,"엄지손가락을 굽히고, 엄지손가락의 손가락뼈사이관절(手指節間關節)에서 등쪽 중앙을 취혈한다.",- 艾炷灸 3～5壯,https://www.kmcric.com/database/acupoint/EX/EX-UE5
경외기혈 (EX),EX-UE6 소골공,새끼손가락의 몸쪽손가락뼈사이관절(proximal interphalangeal joint)의 배측면의 중앙.,"새끼손가락을 굽히고, 새끼손가락의 몸쪽손가락뼈사이관절(proximal interphalangeal joint)에서 등쪽 중앙을 취혈한다.",- 艾炷灸 3～5壯,https://www.kmcric.com/database/acupoint/EX/EX-UE6
경외기혈 (EX),EX-UE9 팔사,"손등부위(dorsal part of hand), 다섯 손허리손가락관절 사이의 오목한 부위 4개의 穴로, 손등과 손바닥의 경계면.","주먹을 가볍게 쥐고, 손바닥을 아래로 향하여 다섯 손허리손가락관절 사이의 오목한 부위 4개의 穴(左右 모두 8穴)로 손등과 손바닥의 경계면에서 취혈한다.",- 艾炷灸 5～7壯,https://www.kmcric.com/database/acupoint/EX/EX-UE9
경외기혈 (EX),EX-LE2 학정,"무릎 위, 무릎뼈바닥(base of patellae) 중간지점 위의 오목한 곳.","무릎을 굽힌 후, 무릎뼈바닥 중간지점 위의 오목한 곳에서 취혈한다.",- 直刺 0.5～0.8寸,https://www.kmcric.com/database/acupoint/EX/EX-LE2
경외기혈 (EX),EX-LE3 백충와,"넓적다리의 안쪽, 무릎뼈바닥(base of patellae) 안쪽끝에서 위로 3寸.","환자로 하여금 바르게 앉아 무릎을 굽히게 하거나 또는 바로 누워 무릎을 편 후, 무릎뼈바닥 안쪽끝에서 위로 3寸의 지점을 취혈한다.",- 直刺 0.5～1寸,https://www.kmcric.com/database/acupoint/EX/EX-LE3
경외기혈 (EX),EX-LE4 내슬안,"무릎부위, 무릎뼈 아래모서리, 무릎인대(ligamentum patellae)의 안쪽 오목한 곳.","무릎을 45° 구부리고, 무릎뼈 안쪽 아래의 오목한 곳에서 취혈한다.","- 무릎 중앙을 향해 斜刺 0.5～1寸
- 外上方으로 1.5～2寸 刺入
- 外膝眼으로 透刺",https://www.kmcric.com/database/acupoint/EX/EX-LE4
경외기혈 (EX),EX-LE5 슬안,"무릎부위, 무릎뼈 아래모서리, 무릎인대(ligamentum patellae)의 양쪽 오목한 곳으로, 안쪽을 內膝眼, 가쪽을 外膝眼이라 부른다.","무릎을 45° 구부리고, 무릎뼈 양쪽 아래의 오목한 곳에서 취혈한다.","- 무릎 중앙을 향해 斜刺 0.5～1寸
- 外膝眼에서는 內上方으로, 內膝眼에서는 外上方으로 1.5～2寸 刺入
- 外膝眼에서 內膝眼으로 또는 內膝眼에서 外膝眼으로 透刺.",https://www.kmcric.com/database/acupoint/EX/EX-LE5
경외기혈 (EX),EX-LE6 담낭,"종아리의 가쪽, 종아리뼈작은머리에서 앞쪽 모서리 아래로 1.5寸 지점의 오목한 곳.","바로 눕거나 또는 옆으로 누운 후, 종아리뼈작은머리에서 앞쪽 모서리 아래로 1.5寸 정도의 오목한 곳에서 壓通點이 뚜렷한 곳을 취혈한다.",- 直刺 1～2寸,https://www.kmcric.com/database/acupoint/EX/EX-LE6
경외기혈 (EX),EX-LE7 난미,"종아리의 앞 가쪽, 足三里(ST36)와 上巨虛(ST37) 사이의 壓通點으로, 足三里 아래 1.5～2寸 지점.","앉은 자세에서 발목에 힘을 빼거나, 또는 바로 누워 무릎을 굽힌 자세에서 足三里와 上巨虛 사이의 壓通點을 취혈한다.",- 直刺 0.5～0.8寸,https://www.kmcric.com/database/acupoint/EX/EX-LE7
